title,author,supervisors,date,faculty,program,type,language,abstract,keywords
"America first, NATO second","Benabbass, Sara","['Dooremalen, T. van', 'Benneker, V.']",2019,Faculty of Social & Behavioural Sciences,Politicologie (BSc),Bachelor thesis,en,,
Effective behavior change technique domains in community health worker-led lifestyle interventions for non-Western immigrants with high risks of cardiometabolic diseases: Systematic review and meta-analysis,"Lee, H.","['Dijk, S. van', 'Verhoeven, C.']",2019,Faculty of Social & Behavioural Sciences,Psychology (MSc),Master thesis,en,,
The influence of auditory cues and musical sophistication on a finger tapping task,"Vries, Wytske de","['Schaefer, R.S.', 'Middendorp, H. van']",2019,Faculty of Social & Behavioural Sciences,Psychologie (BSc),Bachelor thesis,en,,
At risk for risk taking? Risky decision-making and peer influences in mild intellectual disability using a modified Balloon Analogue Risk Task: A study on young adults on probation,"Rosmalen, Odilia F. van","['Habers, G.E.A.', 'Schuitema, I.', 'Kogel, C.H.', 'Platje, E.']",2019,Faculty of Social & Behavioural Sciences,Psychology (MSc),Master thesis,en,,
The influence of migraine and perceived stigmatization of migraine on work ability: A diary study,"Berg, S.C.D. van den","['Doef, M. van der', 'Hiele, K. van der']",2019,Faculty of Social & Behavioural Sciences,Psychologie (BSc),Bachelor thesis,en,,
"Willingness to donate to non-profit organizations of young individuals: the role of similarity and complementarity, P-O fit and self-categorization, and organizational attractiveness","Bontadini, Federica","['Boezeman, E.J.', 'Steinel, W.']",2019,Faculty of Social & Behavioural Sciences,Psychology (MSc),Master thesis,en,,
The East African Union: Regional integration in the East African community,"Hemingway, Julius","['Blarel, N.R.J.B', 'Sampson, M.']",2019,Faculty of Social & Behavioural Sciences,Political Science (MSc),Master thesis,en,,
Imagined moral communities; Negotiating everyday exclusion and diversity in Leiden,"Lambregts, Tommie","['Maaker, Erik de', 'Littlejohn, Andrew']",2019,Faculty of Social & Behavioural Sciences,Cultural Anthropology and Development Sociology (MSc),Master thesis,en,,
Is there a stronger relation between IQ and academic self-concept in boys compared to girls?,"Geest, Marleen van der","['Cruijsen, R. van der', 'Peters, S.']",2019,Faculty of Social & Behavioural Sciences,Psychology (MSc),Master thesis,en,,
Emotieherkenning en sociale competentie bij Nederlandse en Taiwanese kinderen,"Hoorn, Sophie ten","['Li, B.', 'Groep, S. van de']",2019,Faculty of Social & Behavioural Sciences,Psychologie (BSc),Bachelor thesis,nl,,
Smart-phone mindfulness based worry reduction intervention effects on individuals with Generalized Anxiety Disorder in a high work stress population,"Angela, T.E.M.","['Brosschot, J.F.', 'Veldhuijzen, D.S.']",2019,Faculty of Social & Behavioural Sciences,Psychology (MSc),Master thesis,en,,
The influence of post-migration stress on mental disorders in refugees: A systematic review and meta-analysis,"Deckers, Carla","['Molendijk, M.L.', 'Blom, J.D.']",2019,Faculty of Social & Behavioural Sciences,Psychology (MSc),Master thesis,en,,
Beleving en betekenisgeving van burgerschap; Een lieteratuuronderzoek naar drie case studies over belonging en etniciteit,"Caljé, Lotte","['Maaker, Erik de', 'Naafs, Suzanne']",2019,Faculty of Social & Behavioural Sciences,Cultural Anthropology and Development Sociology (BSc),Bachelor thesis,nl,,
Gele kaart of schwalbe? Een analyse naar de door nationale parlementen gehanteerde argumentatie binnen het Early Warning System,"Vlist, J.M.D. van der","['Mickler, T.A.', 'Nagtzaam, M.A.M.']",2019,Faculty of Social & Behavioural Sciences,Politicologie (BSc),Bachelor thesis,nl,,
An investigation into gender equality amongst student grant applicants,"Wijnen, Marjolijn","['Kret, M.', 'Massen, J.']",2019,Faculty of Social & Behavioural Sciences,Psychology (MSc),Master thesis,en,,
Financial incentives and intrinsic motivation: Is intrinsic motivation expected to be more undermined when offered a reward than a deposit contract financial incentive for health-behavior?,"Maarse, Franciska","['Buisonjé, D. de', 'Gebhardt, W.']",2019,Faculty of Social & Behavioural Sciences,Psychologie (BSc),Bachelor thesis,en,,
Predictors of quality of life one year after transient ischemic attack or minor stroke,"Blom, Emma","['Beugen, S. van', 'Schomaker, J.', 'Kwa, V.I.H.']",2019,Faculty of Social & Behavioural Sciences,Psychology (MSc),Master thesis,en,,
The influence of antiquisation policy in the national narrative shift: The case of North Macedonia,"Zerzelidis, Nikolaos","['Tsagkroni, V.', 'Mansvelt Beck, F.']",2019,Faculty of Social & Behavioural Sciences,Political Science (MSc),Master thesis,en,,
Genderverschillen in de relatie tussen stemmingswisselingen en ruminatie,"Bree, Sarah de","['Rover, M. de', 'Verwoerd, J.']",2019,Faculty of Social & Behavioural Sciences,Psychologie (BSc),Bachelor thesis,nl,,
Breaking the chains: commemorating the history of slavery in the Netherlands,"Brussee, Eeke","['Naafs, Suznne', 'Samuels, Annemarie']",2019,Faculty of Social & Behavioural Sciences,Cultural Anthropology and Development Sociology (BSc),Bachelor thesis,en,,
Verbal transmission of threatening information from parents to offspring: The effects on the development of fear beliefs,"Kanaloupiti, F.","['Aktar, E.', 'Giezen, A. van']",2019,Faculty of Social & Behavioural Sciences,Psychology (MSc),Master thesis,en,,
The effectiveness of an emotional working memory training on emotion regulation and heart rate variability in borderline personality disorder,"Samson, J.E.","['Krause-Utz, A.']",2019,Faculty of Social & Behavioural Sciences,Psychology (MSc),Master thesis,en,,
The cardiovascular and psychological response to implicit and explicit other-affirmation in value conflicts,"Verbeij, Tim","['Harinck, S.', 'Scheepers, D.']",2019,Faculty of Social & Behavioural Sciences,Psychology (research) (MSc),Research master thesis,en,,"['negotiation', 'other-affirmation']"
Woordenschatontwikkeling bij kleuters: De meerwaarde van de Viertakt ten opzichte van levende boeken voor kleuters,"Faber, Julia","['Dijken, M.J. van', 'Espin, C.A.']",2019,Faculty of Social & Behavioural Sciences,Education and Child Studies (MSc),Master thesis,nl,,
"Green status or no status? The case of car sharing: A moderation analysis between status, car sharing and car sharing antecedents","Bernard, Vivienne","['Wal, A.J. van der', 'Scheepers, D.']",2019,Faculty of Social & Behavioural Sciences,Psychology (MSc),Master thesis,en,,
"De relatie tussen slaapproblemen en internaliserende gedragsproblematiek bij kinderen met ADHD, ASS en zonder diagnose","Groot, Saskia de","['Vermeulen, M.C.M.', 'Zantinge, G.M.']",2019,Faculty of Social & Behavioural Sciences,Pedagogische wetenschappen (BSc),Bachelor thesis,nl,,
Perceived control and avoidance behaviour during financial scarcity: An additional explanation to the poverty trap,"Rouwendal, Petra Mariska van","['Hilbert, L.P.', 'Dijk, W. van']",2019,Faculty of Social & Behavioural Sciences,Psychology (MSc),Master thesis,en,,
Internet knows all: The difference between privacy concerns on a horizontal and a vertical level,"Lammers, Tirza","['Steinel, W.', 'Lelieveld, G.']",2019,Faculty of Social & Behavioural Sciences,Psychology (MSc),Master thesis,en,,
"Relaties tussen Eerdere Rekenprestaties en Competentiebeleving: Bij basisschoolleerlingen uit verschillende leerjaren, verschillende niveaugroepen en van verschillend geslacht","Linssen, M.M.","['Prast, Emilie', 'Jolles, Dietsje']",2019,Faculty of Social & Behavioural Sciences,Pedagogische wetenschappen (BSc),Bachelor thesis,nl,,
Gemeentelijke herindelingen in Nederland: Wat is het effect van gemeentelijke herindelingen op Nederlandse gemeenteraden? Een onderzoek naar politieke fragmentatie in de gemeenteraden en de opkomst van lokale partijen,"Heiden, Michiel van der","['Otjes, S.P.', 'Meijerink, F.']",2019,Faculty of Social & Behavioural Sciences,Political Science (MSc),Master thesis,nl,,
Kinderen met functionele buikpijn: Het langetermijneffect van cognitieve gedragstherapie,"Siefken, Lotte","['Zandvliet, R.', 'Vermeulen, S.M.C.']",2019,Faculty of Social & Behavioural Sciences,Education and Child Studies (MSc),Master thesis,nl,,
De Braziliaanse democratische transitie: Een historisch-institutionele verklaring,"Leichel, Fleur","['Zwart, F. de', 'Oversloot, H.']",2019,Faculty of Social & Behavioural Sciences,Politicologie (BSc),Bachelor thesis,nl,,
"Resisting peers, resisting prosociality? Resistance to peer influence and the behavioral and neural mechanisms of prosocial learning in adolescence","Guijt, Ellina","['Westhoff, B.', 'Tollenaar, M.S.']",2019,Faculty of Social & Behavioural Sciences,Psychology (research) (MSc),Research master thesis,en,,
Meer ruimte voor de rivier: Ook voor de mens? Hoe de overbrugging van de natuur/cultuur-dichotomie van water in hydrosociale relaties zorgt voor beter begrip van waterbeheerconflicten,"Akhamy, Sarah","['Jansen, J.A.M.M.', 'Luning, S.W.J.']",2019,Faculty of Social & Behavioural Sciences,Cultural Anthropology and Development Sociology (BSc),Bachelor thesis,nl,,
The role of salience in tacit coordination: An eye-tracking study,"Zanen, Saskia van","['Kwaadsteniet, E.W. de', 'Molenmaker, W.E.']",2019,Faculty of Social & Behavioural Sciences,Psychology (MSc),Master thesis,en,,
Het effect van mixed frames op coöperatiegedrag in het chicken dilemma en het prisoner's dilemma,"Demirel, Merve","['Molenmaker, W.E.', 'Doesum, N.J. van']",2019,Faculty of Social & Behavioural Sciences,Psychologie (BSc),Bachelor thesis,nl,,
Strategic behaviour of opposition legislators: A case study on the Dutch national parliament,"Claassen, Chiel Christian","['Mickler, T.A.', 'Koole, R.A.']",2019,Faculty of Social & Behavioural Sciences,Politicologie (BSc),Bachelor thesis,en,,
Het effect van BMI op fysieke veroudering,"Zweerts, Stella","['Tollenaar, M.S.', 'Kleine, R. de']",2019,Faculty of Social & Behavioural Sciences,Psychologie (BSc),Bachelor thesis,nl,,
De effecten van RSPO-certificering op het levensonderhoud van de onafhankelijke kleine boer in Indonesië,"Wittink, Maaike","['Saptari, Ratna', 'Samuels, Annemarie']",2019,Faculty of Social & Behavioural Sciences,Cultural Anthropology and Development Sociology (BSc),Bachelor thesis,nl,,
Can the albatross around one’s neck be released? The effect of subjective financial stress on cognitive performance and the moderating role of demanding vs. supportive others,"Blom, Anne-fleur","['Ruigendijk, H.', 'Weiden, A. van der']",2019,Faculty of Social & Behavioural Sciences,Psychology (MSc),Master thesis,en,,
Hoe kleurovergangen in de tekst beginnende lezers sneller kunnen laten lezen: De invloed van BeeLine Reader op het leesproces van leerlingen uit groep 4 en 5 van het basisonderwijs,"Paassen, M.F.M. van","['Koornneef, A.W.', 'Jolles, D.']",2019,Faculty of Social & Behavioural Sciences,Pedagogische wetenschappen (BSc),Bachelor thesis,nl,,
Sociale angstklachten onder Nederlandse studenten: De samenhang met emotionele verwaarlozing en lichamelijke mishandeling,"Thiele, Juliët","['Kleine, R.A. de', 'Krause, A.']",2019,Faculty of Social & Behavioural Sciences,Psychologie (BSc),Bachelor thesis,nl,,
Het effect van oplichtende tekst op de aandacht en letterkennis van kleuters,"Ruijgrok, S.A.","['Sikkema-De Jong, T.M.', 'Dijken, M.J. van']",2019,Faculty of Social & Behavioural Sciences,Pedagogische wetenschappen (BSc),Bachelor thesis,nl,,
The role of maximization for choice overload in the high-stake context of online dating,"Galen, Martijn van","['Ruigendijk, H.A.H.', 'Leeuwen, E.A.C. van']",2019,Faculty of Social & Behavioural Sciences,Psychology (MSc),Master thesis,en,,
"Women on waves; Investigates the influences of the dominant male discourse on the self-concept, embodied practice and experiences of female surfers and studies how they try to negotiate their position","Hesselberth, Juul","['Postma, Metje', 'Luning, Sabine']",2019,Faculty of Social & Behavioural Sciences,Cultural Anthropology and Development Sociology (MSc),Master thesis,en,,
Cerebellar tDCS affects positive emotional recognition through negative mood: A study on emotional recognition through the eyes,"Canaslan, Ilke","['Maraver, M.J.', 'Colzato, L.S.', 'Ghosh, A.']",2019,Faculty of Social & Behavioural Sciences,Psychology (MSc),Master thesis,en,,
Onbewuste aandacht voor jeuk: Zorgt onbewuste aandachtsbiasmodificatietraining naar jeuk voor een aandachtsbias voor jeuk?,"Agami, Daniel","['Laarhoven, A.I.M. van', 'Wolters, F.']",2019,Faculty of Social & Behavioural Sciences,Psychologie (BSc),Bachelor thesis,en,,
The role of social competences in the in the self-concept of adolescent boys with autism charactaristics,"Soelen, Demy van","['Cruijsen, L.W.P. van der', 'Peters, S.']",2019,Faculty of Social & Behavioural Sciences,Psychology (MSc),Master thesis,en,,
Improved expository texts: The effect of connectives and cause-effect constructions on reading comprehension in high school students,"Westink, Joosje Marijn","['Broek, P.W. van den', 'Helder, A.']",2019,Faculty of Social & Behavioural Sciences,Education and Child Studies (MSc),Master thesis,en,,
Recursive partitioning of growth curve models using GLMM trees,"Geest, Gideon van der","['Fokkema, M.', 'Rooij, M. de']",2019,Faculty of Social & Behavioural Sciences,Psychology (MSc),Master thesis,en,,
"Beweging, stress en fysieke veroudering","Kamerman, Jeff","['Tollenaar, M.S.', 'Kleine, R. de']",2019,Faculty of Social & Behavioural Sciences,Psychologie (BSc),Bachelor thesis,nl,,
The contrast between the impact of 9/11 and aircrafthijackings between 1970-1990 in aviation security regulation,"Duit, Maud","['Dooremalen, T. van', 'Vonno, C. van']",2019,Faculty of Social & Behavioural Sciences,Politicologie (BSc),Bachelor thesis,en,,
Global mobility for global issues: Examining the relationship between the European union and international labour organisation through caes on human trafficking,"Sato, Aya","['Verdun, A.C.', 'Pomorska, K.']",2019,Faculty of Social & Behavioural Sciences,Political Science (MSc),Master thesis,en,,
Social support as a moderator to the negative relationship between work-time pressure and work engagement: A study on collegial and/or supervisory social support as moderator in the relationship between work-time pressure and work engagement among secondary school teachers,"Aarts, Annemarijn","['Wijn, A.N. de', 'Middendorp, H. van']",2019,Faculty of Social & Behavioural Sciences,Psychologie (BSc),Bachelor thesis,en,,
Free estimation of the Hemodynamic Response Function by cross validation in functional Magnetic Resonance Imaging data: A solution for the wrong assumption of an equal Hemodynamic Response Function between and within subjects,"Rohlfs, Bram","['Weeda, W.', 'Rooij, M. de']",2019,Faculty of Social & Behavioural Sciences,Psychology (MSc),Master thesis,en,,
De relatie tussen de hechting met ouders en het zelfvertrouwen: De mediërende rol van persoonlijkheid,"Raven, Mariska","['Spaans, J.P.', 'Li, B.']",2019,Faculty of Social & Behavioural Sciences,Psychologie (BSc),Bachelor thesis,nl,,
Wat kunnen we verwachten van placebo-uitleg?,"Berg, M.Z. van den","['Smits, R.M.', 'Middendorp, H. van']",2019,Faculty of Social & Behavioural Sciences,Psychologie (BSc),Bachelor thesis,nl,,
Prefilled tax forms and tax compliance: The weight of psychological costs,"Burelli, Marco","['Dijk, E. van', 'Lelieveld, G.']",2019,Faculty of Social & Behavioural Sciences,Psychology (MSc),Master thesis,en,,
The t-test vs. the permutation test: A comparison under non-independent observations,"Azizahamad, Faraaz","['Karch, J.D.', 'Fokkema, M.']",2019,Faculty of Social & Behavioural Sciences,Psychologie (BSc),Bachelor thesis,en,,
The politics of property production and land tenure in East Africa: A comparative case study of statist land tenure in Kenya and Tanzania,"Abdou, Ibrahim","['Longo, M.', 'Vergerio, C.']",2019,Faculty of Social & Behavioural Sciences,Political Science (MSc),Master thesis,en,,
Do annoyance and task difficulty influence banner advertisements’ efficacy? An eye-tracking study,"Porcaro, Eleonora","['Kwaadsteniet, E.W. de', 'Lelieveld, G.']",2019,Faculty of Social & Behavioural Sciences,Psychology (MSc),Master thesis,en,,
De effectiviteit van verschillende elementen van educatieve videogames op de leertaak: Een review vanuit verschillende leertheorieën,"Ende, Olivier van der","['Koornneef, A.', 'Rosmalen, L. van']",2019,Faculty of Social & Behavioural Sciences,Education and Child Studies (MSc),Master thesis,nl,,
Connecting inter-individual differences in attachment to hypothalamic volume in fathers,"Long, Madison","['Hoekzema, E.', 'Burke, S.']",2019,Faculty of Social & Behavioural Sciences,Psychology (research) (MSc),Research master thesis,en,,
Predictors of complex PTSD symptom severity. The role of trauma type and comorbid psychopathology.,"Guzman Torres, Estefanie","['Krause-Utz, Annegret', 'Giezen, Anne van']",2019,Faculty of Social & Behavioural Sciences,Psychology (MSc),Master thesis,en,,
De invloed van open en gesloten curriculum aanpak op de motivatie van leerkrachten,"Schildkamp, Kim-Camille","['Glastra, F.J.', 'Brabander, C.J. de']",2019,Faculty of Social & Behavioural Sciences,Pedagogische wetenschappen (BSc),Bachelor thesis,nl,,
Seeking social support for intimate partner violence: The role of family and friends,"Chondronasiou, Angeliki","['Krause-Utz, A.D.', 'Tollenaar, M.']",2019,Faculty of Social & Behavioural Sciences,Psychologie (BSc),Bachelor thesis,en,,
Cognitieve processen van kinderen bij begrijpend lezen,"Halling, Marieke","['Helder, A.', 'Broek, P.W. van den']",2019,Faculty of Social & Behavioural Sciences,Education and Child Studies (MSc),Master thesis,nl,,
De relatie tussen sociale wenselijkheid en sociaal mindful gedrag bij adolescente jongens en meisjes,"Denderen, R.F.V. van","['Groep, S.W. van de', 'Peters, S.']",2019,Faculty of Social & Behavioural Sciences,Psychologie (BSc),Bachelor thesis,nl,,
Het effect van Instagramgebruik op alcoholgebruik: Beïnvloedt de duur van het actief zijn op Instagram door jongvolwassenen de samenhang tussen het in aanraking komen met social influencers die alcoholposts plaatsen en het alcoholgebruik van de jongvolwassenen?,"Kranendonk, Lisa","['Gebhardt, W.', 'Buisonjé, D. de']",2019,Faculty of Social & Behavioural Sciences,Psychologie (BSc),Bachelor thesis,nl,,
‘Explosive’ leadership styles: The relationship between the leadership styles of Obama and Trump and the risk-propensity in their decision-making behaviour regarding JCPOA-policy,"Bastiaansen, S.J.A.M.","['Bakker, F.E.', 'Kopecký, P.']",2019,Faculty of Social & Behavioural Sciences,Politicologie (BSc),Bachelor thesis,en,,
The role of temperament in moderating the effects of valenced distractors on action control,"Asena, Eren","['Sjoerds, Z.', 'Sellaro, R.']",2019,Faculty of Social & Behavioural Sciences,Psychologie (BSc),Bachelor thesis,en,,
De invloed van kleurgebruik in teksten op het leesproces van kinderen uit groep 4 en 5,"Dingemanse, Ruben","['Koornneef, Arnoud', 'Jolles, Dietsje']",2019,Faculty of Social & Behavioural Sciences,Pedagogische wetenschappen (BSc),Bachelor thesis,nl,,
The effects of workplace interventions on burnout and compassion fatigue in nurses: A meta-analysis,"Bartke, E.T.","['Wijn, A.N. de', 'Dijk, S. van']",2019,Faculty of Social & Behavioural Sciences,Psychology (MSc),Master thesis,en,,
The influence demographics have on the effect of expectancy manipulation on postoperative pain perceptions and evaluation,"Kist, Daniel","['Vliet, L. van', 'Blythe, J.']",2019,Faculty of Social & Behavioural Sciences,Psychology (MSc),Master thesis,en,,
De samenhang tussen mindset en competentiebeleving in het basisonderwijs,"Borst, Dide","['Prast, Emilie', 'Jolles, Dietsje']",2019,Faculty of Social & Behavioural Sciences,Pedagogische wetenschappen (BSc),Bachelor thesis,nl,,
The effect of socioeconomic status on the association between maltreatment experienced by parents during their childhood and current daily parenting hassles,"Nispen, Kim van","['Slappendel, Anneloes', 'Alink, L.R.A.']",2019,Faculty of Social & Behavioural Sciences,Education and Child Studies (MSc),Master thesis,en,,
Angst en het effect van rumineren: Vast in de negatieve cirkel?,"Rozemuller, Ineke","['Rover, M. de', 'Verwoerd, J.']",2019,Faculty of Social & Behavioural Sciences,Psychologie (BSc),Bachelor thesis,nl,,
A predictive modeling view upon a better forecasting: Random forest tree versus multiple linear regression,"Wiersema, Bianca","['Rooij, M. de', 'Weeda, W.']",2019,Faculty of Social & Behavioural Sciences,Psychologie (BSc),Bachelor thesis,en,,
Deep brain stimulation: Having insight in illness predicts success for treatment resistant obsessive-compulsive disorder,"Orsatti, Mia M.","['Habers, G.E.A.', 'Schuitema, I.', 'Graat, I.']",2019,Faculty of Social & Behavioural Sciences,Psychology (MSc),Master thesis,en,,
"Catify your house: A study of source credibility, message extremity and resistance to advice on ''catification''","Lanihun, Keshia","['Leeuwen, E. van', 'Mors, E. ter']",2019,Faculty of Social & Behavioural Sciences,Psychology (MSc),Master thesis,en,,
"Letting it be: The influence of mindfulness-based interventions on emotion regulation, rumination, anxiety and quality of life in patients with refractory anxiety disorders","Bredin, Maria","['Giezen, A.E. van', 'Krause-Utz, A.']",2019,Faculty of Social & Behavioural Sciences,Psychology (MSc),Master thesis,en,,
De invloed van tekstverbetering op tekstbegrip,"Valk, Eva","['Broek, P.W. van den', 'Helder, A.']",2019,Faculty of Social & Behavioural Sciences,Education and Child Studies (MSc),Master thesis,nl,,
What is diversity in Leiden Institute of Advanced Computer Science?,"Shawkat, Syeda Shajeela","['Pels, Peter', 'Boy, John']",2019,Faculty of Social & Behavioural Sciences,Cultural Anthropology and Development Sociology (MSc),Master thesis,en,,
Moral superiority: Stairway to heaven or highway to hell? The influence of moral superiority on aggressive behaviour,"Karman, Yara","['Pliskin, R.', 'Scheepers, D.T.']",2019,Faculty of Social & Behavioural Sciences,Psychologie (BSc),Bachelor thesis,en,,
"Explaining the EU's reaction to gender related war crimes: Examining the effects of the role and position of women, member state interests and the EU's normative position","Jeurissen, Lisanne","['Pomorska, Karolina', 'Blarel, Nicolas']",2019,Faculty of Social & Behavioural Sciences,Political Science (MSc),Master thesis,en,,
Rally 'round the flag at 'polder' level?: A study into the effects of diplomatic conflict on public opinion in a parliamentary system,"Beijen, Marijne","['Otjes, S.P.', 'Holsteyn, J. van']",2019,Faculty of Social & Behavioural Sciences,Political Science (MSc),Master thesis,en,,
De invloed van het kennen van een groep op het vrijwilligersgedrag in de groep,"Oosten, Nienke","['Kwaadsteniet, E.W. de', 'Ruigendijk, H.']",2019,Faculty of Social & Behavioural Sciences,Psychologie (BSc),Bachelor thesis,nl,,
Face to face: Investigating attentional bias towards emotional stimuli in relation to social anxiety levels,"Fiacchino, Donatella","['Kret, M.', 'Wehebrink, K.']",2019,Faculty of Social & Behavioural Sciences,Psychologie (BSc),Bachelor thesis,en,,
"Onderzoek naar de ziekte van Alzheimer door middel van MRI-scans: Is er verschil in atrofie in de hippocampus en in de neocortex, tussen patiënten met early onset Alzheimer en patiënten met late onset Alzheimer?","Zee, Margot van der","['Vos, F. de', 'Ginkel, J. van']",2019,Faculty of Social & Behavioural Sciences,Psychologie (BSc),Bachelor thesis,nl,,
Learning to eat vegetables: how to repeated exposure to vegetables and maternal responsiveness affect the vegetable acceptance in infants?,"Vrolijk, Lizet","['Veek, Shelley van der', 'Blöte, Anke']",2019,Faculty of Social & Behavioural Sciences,Psychology (MSc),Master thesis,en,,
Help in a negative financial situation: Adjust communication to the way people appraise and cope with a negative financial situation,"Buza, Gabriela","['Seip, E.', 'Dijk, W. van']",2019,Faculty of Social & Behavioural Sciences,Psychology (MSc),Master thesis,en,,
De relatie tussen aandachtscontrole tijdens het lezen en leesbegrip bij universitaire studenten,"Oosten, Lucianne van","['Swart, E.K.', 'Mol, S.E.']",2019,Faculty of Social & Behavioural Sciences,Education and Child Studies (MSc),Master thesis,nl,,
Differentiatie en motivatie in het rekenonderwijs,"Krijgsheld, Willianne","['Stroet, K.F.A.', 'Jolles, D.D.']",2019,Faculty of Social & Behavioural Sciences,Pedagogische wetenschappen (BSc),Bachelor thesis,nl,,
De double movement in neoliberale natuurbescherming: Een studie naar collectief landbezit en marktwerking binnen neoliberale initiatieven van community-based conservation in Tanzania,"Regt, Vera de","['Luning, Sabine', 'Bähre, Erik']",2019,Faculty of Social & Behavioural Sciences,Cultural Anthropology and Development Sociology (BSc),Bachelor thesis,nl,,
Cerebellar tDCS affects positive emotional recognition through negative mood,"Canaslan, Ilke","['Maraver, M.J.', 'Colzato, L.S.', 'Ghosh, A.']",2019,Faculty of Social & Behavioural Sciences,Psychologie (BSc),Bachelor thesis,en,,
Recidivism among juvenile offenders: The influence of resilient personality traits and criminal behavior of parents,"Kwogo, Steve B.O.","['Krause-Utz, A.', 'Kleeven, A.']",2019,Faculty of Social & Behavioural Sciences,Psychology (MSc),Master thesis,en,,
Positieve correlatie tussen begrijpend lezen en redeneervaardigheden voor meisjes en sekseversschillen bij redeneervaardigheden,"Bazuin, Carola","['Leijenhorst, Linda van', 'Jolles, Dietsje']",2019,Faculty of Social & Behavioural Sciences,Pedagogische wetenschappen (BSc),Bachelor thesis,nl,,
Volunteer's dilemma: De effecten van social value orientation en sociale afstand in het volunteer's dilemma,"Crone, Jette","['Kwaadsteniet, E.W. de', 'Ruigendijk, H.']",2019,Faculty of Social & Behavioural Sciences,Psychologie (BSc),Bachelor thesis,nl,,
Social exclusion and the inadvertent tendencies perpetuated by the rejector: An analysis of the source and their experience of the rejection process,"Murphy, Ciara","['Doolaard, F.', 'Noordewier, M.']",2019,Faculty of Social & Behavioural Sciences,Psychology (MSc),Master thesis,en,,
"Sitting behind the wheel, makes you reach for a meal: The effect of driving on taste perception and food consumption","Wijncoop, Marit van","['Dillen, L.F. van', 'Zech, H.']",2019,Faculty of Social & Behavioural Sciences,Psychology (MSc),Master thesis,en,,
"The association between fear of negative evaluation, selfish versus prosocial learning and gender","Schulte, Hannah","['Bruijn, E.R.A. de', 'Aktar, E.']",2019,Faculty of Social & Behavioural Sciences,Psychology (MSc),Master thesis,en,,
The European Union in international trade negotiations: Coherence and the adoption of norms in EU FTAs,"Grood, Bart de","['Pomorska, Karolina', 'Blarel, Nicolas']",2019,Faculty of Social & Behavioural Sciences,Political Science (MSc),Master thesis,en,,
Between-session habituation in Multi-modular Motion-assisted Memory Desensitization and Reconsolidation for treatment-resistant veterans with chronic post-traumatic stress disorder,"Beelen, S.N. van","['Mouthaan, J.', 'Giezen, A. van', 'Wagenmaker, K.']",2019,Faculty of Social & Behavioural Sciences,Psychology (MSc),Master thesis,en,,
Politics of the Volta Dam: The influence of politics on different scales and the implementation ofmodernity through the Volta development scheme in Ghana,"Oudejans, Sharon","['Luning, Sabine', 'Littlejohn, Andrew']",2019,Faculty of Social & Behavioural Sciences,Cultural Anthropology and Development Sociology (BSc),Bachelor thesis,en,,
"Misery guts? The effect of probioatics on negative memory bias, mediated by the vagus nerve","Pauëlsen, Margot","['Jonkees, B.J.', 'Maraver, M.']",2019,Faculty of Social & Behavioural Sciences,Psychologie (BSc),Bachelor thesis,en,,
Sleep deprivation symptoms and the nocebo effect on itch,"Haasteren, Marloes van","['Blythe, J.', 'Schaefer, R.S.']",2019,Faculty of Social & Behavioural Sciences,Psychologie (BSc),Bachelor thesis,en,,
How children learn to fear strangers: The effect of parental verbal communication on children's social fear beliefs considering the influence of parental social anxiety,"Weigand, Caspar Odin Lennart","['Aktar, E.', 'Fried, E.I.']",2019,Faculty of Social & Behavioural Sciences,Psychologie (BSc),Bachelor thesis,en,,
"Executief functioneren en het navigatievermogen: De relatie tussen cognitieve flexibiliteit en landmark recognition, allocentrische oriëntatie en egocentrische oriëntatie","Dirksen, Gitta","['Kuil, M. van der', 'Ham, C.J.M. van der']",2019,Faculty of Social & Behavioural Sciences,Psychologie (BSc),Bachelor thesis,nl,,
Gender differences in avoidance learning in people with post-traumatic stress disorder,"Padding, Beau","['Kleine, R.A.', 'Dingemans, A.E.']",2019,Faculty of Social & Behavioural Sciences,Psychology (MSc),Master thesis,en,,
Emotion recognition and the development of behavioral problems in children at risk of criminal behavior,"Knöps, R.","['Blankenstein, N.E.', 'Swaab, J.T.']",2019,Faculty of Social & Behavioural Sciences,Developmental Psychopathology in Education and Child Studies (research) (MSc),Research master thesis,en,,
Regional or religious hegemony?,"Hussein, Nehal","['Zwart, F. de', 'Longo, M.']",2019,Faculty of Social & Behavioural Sciences,Political Science (MSc),Master thesis,en,,
De invloed van empathie op de relatie tussen sociale competentie en prosociaal leren,"Vis, Sanne van der","['Macks, Z.A. op de', 'Spaans, J.P.']",2019,Faculty of Social & Behavioural Sciences,Psychologie (BSc),Bachelor thesis,nl,,
Detection of sexual risk in childhood sexual abuse survivors,"Korchinski, T.L.","['Krause-Utz, A.', 'Wever, M.']",2019,Faculty of Social & Behavioural Sciences,Psychology (MSc),Master thesis,en,,
Efficacy of narrative exporsure therapy in the treatment of childhood trauma-related Posttraumatic Stress Disorder,"Vos, Myrthe de","['Hoeboer, C.', 'Schoorl, M.']",2019,Faculty of Social & Behavioural Sciences,Psychology (MSc),Master thesis,en,,
Strategy use of gifed and average-ability children and planning ability in dynamic testing,"Vaneman, Guusje","['Vogelaar, B.', 'Resing, W.C.M.']",2019,Faculty of Social & Behavioural Sciences,Psychology (MSc),Master thesis,en,,
"Good mood, explore more! The influence of mood and gender on explorative behavior","Koten, Annoek van","['Sjoerds, Z.', 'Berlo, E. van']",2019,Faculty of Social & Behavioural Sciences,Psychologie (BSc),Bachelor thesis,en,,
Het kapitaal van schoonheid: ‘Skin bleaching’ in Indonesië,"Thépass, Tahnee Jaleesah","['Rana, J.', 'Pels, P.']",2019,Faculty of Social & Behavioural Sciences,Cultural Anthropology and Development Sociology (BSc),Bachelor thesis,nl,,
Is mentaal werk de moeite waard? Hoe inspanning de waardering van beloning beinvloedt,"Rhee, Thijs van","['Steenbergen, H. van', 'Berlo, E. van']",2019,Faculty of Social & Behavioural Sciences,Psychologie (BSc),Bachelor thesis,nl,,
Conditioning mechanism: The placebo effect explained,"Heijn, Gwen F.E.","['Smits, R.M.', 'Middendorp, H. van']",2019,Faculty of Social & Behavioural Sciences,Psychologie (BSc),Bachelor thesis,en,,
"Perceived hunger, emotional eating, and mental well-being: A network perspective","Fernandes Ah-Yune, Janice Charbel","['Fried, E.I.', 'Lee, J.']",2019,Faculty of Social & Behavioural Sciences,Psychologie (BSc),Bachelor thesis,en,,
A cross-sectional study on the influence of childhood maltreatment on prosocial behavior of parents towards their children and strangers,"Yildirim, Onur","['Wever, M.', 'Tollenaar, M.S.']",2019,Faculty of Social & Behavioural Sciences,Psychology (MSc),Master thesis,en,,
Gedifferentieerd rekenen in de klas: De ervaring van leerlingen in het basisonderwijs,"Nap, Rianne","['Stroet, K.F.A.', 'Jolles, D.D.']",2019,Faculty of Social & Behavioural Sciences,Pedagogische wetenschappen (BSc),Bachelor thesis,nl,,
"Een sociaal dilemma gepresenteerd in een mixed frame: De impact van een mixed frame op de keuze, coöpereren of defecteren, in een chicken dilemma","Poolmans, Romee","['Molenmaker, W.E.', 'Doesum, N.J. van']",2019,Faculty of Social & Behavioural Sciences,Psychologie (BSc),Bachelor thesis,nl,,
De invloed van catastroferen op de aandacht voor subliminale jeukplaatjes en de gevoeligheid voor jeuk.,"Ueckert, Noa","['Laarhoven, A.I.M. van']",2019,Faculty of Social & Behavioural Sciences,Psychologie (BSc),Bachelor thesis,en,,
De invloed van differentiatie op de rekenmotivatie: De invloed van de manieren van differentiëren en het rekenen in niveaugroepen op de rekenmotivatie van kinderen,"Torenvlied, Gabriëlla","['Stroet, K.F.A.', 'Jolles, D.D.']",2019,Faculty of Social & Behavioural Sciences,Pedagogische wetenschappen (BSc),Bachelor thesis,nl,,
Is recidive onder jongeren te verminderen met behulp van een app?,"Gotink, Jill","['Rosmalen, L. van', 'Smeets, D.J.H.']",2019,Faculty of Social & Behavioural Sciences,Education and Child Studies (MSc),Master thesis,nl,,
"Sekseverschillen in leesproblemen, leesmotivatie en leesgedrag in de tweede klas van de middelbare school","Nuyens, Lieske","['Mol, S.E.', 'Espin, C.A.']",2019,Faculty of Social & Behavioural Sciences,Education and Child Studies (MSc),Master thesis,nl,,
Conditioning a neutral scent to the effects of a stress management training and assessing physiological effects after acute stress induction,"Fotos, C.A.","['Manaï, M.', 'Houdt, C.A. van']",2019,Faculty of Social & Behavioural Sciences,Psychology (MSc),Master thesis,en,,
"Randomization, Welch, and Wilcoxon: Effects of outliers on statistical test performance","Breemer, Ligaya","['Karch, J.D.']",2019,Faculty of Social & Behavioural Sciences,Psychologie (BSc),Bachelor thesis,en,,
Influence of early-life stress on chronic low heart rate variability: A meta-analysis testing a hypothesis from the Generalized Unsafety Theory of Stress (GUTS),"Koopman, Liselotte","['Brosschot, J.F.', 'Laarhoven, A.I.M. van']",2019,Faculty of Social & Behavioural Sciences,Psychology (MSc),Master thesis,en,,
The effect of exposure to verbal expressions of anxiety (vs. safety) from parents on children's fear beliefs about strangers: The role of parental anxiety,"Fibbe, David","['Aktar, E.', 'Struijs, S.']",2019,Faculty of Social & Behavioural Sciences,Psychology (MSc),Master thesis,en,,
To explore or to exploit? How meditation and mood affect behavior through cognitive control,"Bergh, Roos Elise Cecile van den","['Sjoerds, Z.', 'Steenbergen, H. van']",2019,Faculty of Social & Behavioural Sciences,Psychology (MSc),Master thesis,en,,
The WTO's fisheries subsidies negotiations: Policy Entrepreneurs influencing the WTO agenda,"Jong, Evelien de","['Meegdenburg, Hilde van', 'Thomas, Daniel C.']",2019,Faculty of Social & Behavioural Sciences,Political Science (MSc),Master thesis,en,,
Cognitive reactivity and depressive symptomatology: A network perspective,"Ghesel Grothe, A.S. van","['Struijs, S.Y.', 'Beurs, E. de']",2019,Faculty of Social & Behavioural Sciences,Psychology (MSc),Master thesis,en,,
Reconsidering geographic proximity in explaining the success or failure of compellence,"Tervooren, Daniël","['Pellikaan, H.', 'Koehler, K.']",2019,Faculty of Social & Behavioural Sciences,Politicologie (BSc),Bachelor thesis,en,,
Instability of QUalitative INteraction Trees: Quantifying uncertainty in decision trees,"Beck, Clara","['Dusseldorp, E.', 'Fokkema, M.']",2019,Faculty of Social & Behavioural Sciences,Psychology (MSc),Master thesis,en,,
Het verband tussen relatieve status en geefgedrag naar klasgenoten in de adolescentie,"Bolk, Suzanne","['Groep, S.W. van de']",2019,Faculty of Social & Behavioural Sciences,Psychologie (BSc),Bachelor thesis,nl,,
Louisiana Incarcerated,"Meijel, Lobke van","['Zwart, F. de', 'Boin, R.A.']",2019,Faculty of Social & Behavioural Sciences,Political Science (MSc),Master thesis,en,,
Help-seeking in an educational setting: Dependency-oriented help-seeking versus autonomy-oriented help-seeking,"Sellathurai, Inthuya","['Leeuwen, E. van', 'Boezeman, E.']",2019,Faculty of Social & Behavioural Sciences,Psychology (MSc),Master thesis,en,,
Assessment of social cognition in children: A comparison of virtual reality with a traditional measure,"Have, Josefien ten","['Bergwerff, C.E.', 'Dijkxhoorn, Y.M.']",2019,Faculty of Social & Behavioural Sciences,Education and Child Studies (MSc),Master thesis,en,,
Trump and the ‘Little Rocket Man’: The influence of Donald Trump’s presidential leadership style on the nuclear crisis between the US and North Korea,"Wit, Annabel E. de","['Bakker, F.E.', 'Kopecký, P.']",2019,Faculty of Social & Behavioural Sciences,Politicologie (BSc),Bachelor thesis,en,,
Pregnancy and the brain: A study about changes in gray matter volume and theory of mind,"Commandeur, Maya","['Hoekzema, E.', 'Miers, A.']",2019,Faculty of Social & Behavioural Sciences,Psychology (MSc),Master thesis,en,,
Examining the effect of musical complexity on tapping precision for different levels of musical sophistication and cognitive flexibility,"Veelen, Cyriel van","['Schaefer, R.S.', 'Ruitenberg, M.']",2019,Faculty of Social & Behavioural Sciences,Psychology (MSc),Master thesis,en,,
De invloed van beloning en moeilijkheid op mentale inspanning,"Kuijt, Lisette","['Steenbergen, H. van', 'Wehebrink, K.S.']",2019,Faculty of Social & Behavioural Sciences,Psychologie (BSc),Bachelor thesis,nl,,
A 21st century solution for inaccuracy in self-reports? The role of the accuracy of smartphone self-reports in the prediction of sleep,"Vedder, Irisa","['Ghosh, A.', 'Poletiek, F.H.']",2019,Faculty of Social & Behavioural Sciences,Psychologie (BSc),Bachelor thesis,en,,
"Economic and identity threat of migration: What do we fear more, our jobs or our identity?","Yousfi, Farah el","['Scheepers, D.T.', 'Pereira, A.']",2019,Faculty of Social & Behavioural Sciences,Psychology (MSc),Master thesis,en,,
Prediction with test battery data using Exploratory Factor Analysis,"Vilders, Jona","['Kelderman, H.', 'Karch, J.']",2019,Faculty of Social & Behavioural Sciences,Psychology (MSc),Master thesis,en,,
De Nederlandse Uitvaartcultuur; Een antropologische kijk op de betekenis van crematie-as en de relatie tussen de levenden en de doden,"Moorselaar, Thijs van","['Postma, Metje', 'Saptari, Ratna']",2019,Faculty of Social & Behavioural Sciences,Cultural Anthropology and Development Sociology (MSc),Master thesis,nl,,
The effect of stress on the emotional bias of goal-directed behavior,"Peleki, Ioanna","['Ly, V.', 'Beurs, E. de']",2019,Faculty of Social & Behavioural Sciences,Psychology (MSc),Master thesis,en,,
The politicization of United States’ humanitarian aid in Venezuela and response by international humanitarian organizations,"Lin, Zaïra","['Verdun, A.', 'Willigen, N. van']",2019,Faculty of Social & Behavioural Sciences,Political Science (MSc),Master thesis,en,,
Dietary sacrifices for a higher good,"Ansorge, Alexander","['Lee, J.', 'Fried, E.']",2019,Faculty of Social & Behavioural Sciences,Psychologie (BSc),Bachelor thesis,en,,
Scent conditioning of a stress management training and the effect on cortisol after acute social stress,"Nieman, Linde","['Manaï, M.', 'Ruitenberg, M.F.L.']",2019,Faculty of Social & Behavioural Sciences,Psychology (MSc),Master thesis,en,,
Determinants of health related quality of life in out-of-hospital cardiac patients after rehabilitation,"Peursum, Suzanne","['Habers, G.E.A.', 'Schuitema, I.']",2019,Faculty of Social & Behavioural Sciences,Psychology (MSc),Master thesis,en,,
"Zien drinken, doet drinken: De rol van ervaren betrouwbaarheid van social influencers in de relatie tussen alcohol-posts van social influencers en het overmatig alcohol gebruik onder jongvolwassenen","Duijn, Leanne van","['Gebhardt, W.A.', 'Buisonjé, D. de']",2019,Faculty of Social & Behavioural Sciences,Psychologie (BSc),Bachelor thesis,nl,,
Influence of instruction type on cuedmotor learning,"Megagianni, Iria","['Schaefer, R.S.', 'Zedlitz, A.M.E.E.']",2019,Faculty of Social & Behavioural Sciences,Psychology (MSc),Master thesis,en,,
"Effects of life events, neuroticism and birth order on depression and anxiety disorders after childhood maltreatment: A sibling study","Beugeling, L.H.","['Kullberg, M.L.J.', 'Elzinga, B.']",2019,Faculty of Social & Behavioural Sciences,Psychology (MSc),Master thesis,en,,
"I, Robot? Investigating the impact of cooperation with a robot, and the role of self-other overlap, on anthropomorphization, likability and trust","Ven, Erica van der","['Sellaro, R.', 'Prochazkova, L.']",2019,Faculty of Social & Behavioural Sciences,Psychology (MSc),Master thesis,en,,
Voorspellende validiteit bepalen aan de hand van voorspellende modellen.,"Glasbergen, Eliza","['Rooij, Mark de', 'Weeda, Wouter']",2019,Faculty of Social & Behavioural Sciences,Psychologie (BSc),Bachelor thesis,nl,,
Een vergelijking tussen differentiatie-aanpakken en de competentiebeleving van leerlingen in het basisonderwijs,"Boersma, Shannah","['Prast, Emilie', 'Jolles, Dietsje']",2019,Faculty of Social & Behavioural Sciences,Pedagogische wetenschappen (BSc),Bachelor thesis,nl,,
Identiteit en Diversiteit in Multiplayer Online Virtuele Werelden,"Legierse, Tom","['Naafs, Suzanne', 'Rana, Jasmijn']",2019,Faculty of Social & Behavioural Sciences,Cultural Anthropology and Development Sociology (BSc),Bachelor thesis,nl,,
International cooperation: Beyond the mission statement,"Batkova, Veronika","['Verdun, A.C.', 'Pomorska, K.']",2019,Faculty of Social & Behavioural Sciences,Political Science (MSc),Master thesis,en,,
Emotieherkenning en externaliserend probleemgedrag bij high-risk kinderen,"Schie, Mariëlle van","['Huijbregts, S.', 'Swaab, H.']",2019,Faculty of Social & Behavioural Sciences,Education and Child Studies (MSc),Master thesis,nl,,
Verleidende werking van de neurowetenschap: Het seductive allure of neuroscientific explanations effect bij leerkrachten met verschillende opleidingsniveaus,"Grint, J. van de","['Helder, A.', 'Jolles, D.D.']",2019,Faculty of Social & Behavioural Sciences,Pedagogische wetenschappen (BSc),Bachelor thesis,nl,,
Cultural differences between peacekeepers and local populations: A catalyst for violence?,"Vollhardt, Christopher","['Haer, R. van der', 'Jentzsch, C.']",2019,Faculty of Social & Behavioural Sciences,Political Science (MSc),Master thesis,en,,
Strategic help-seeking: How warmth & competence of help-seekers affects the interpretation of requests for help,"Couch, Madeleine","['Leeuwen, E.A.C. van', 'Mors, E. ter']",2019,Faculty of Social & Behavioural Sciences,Psychology (MSc),Master thesis,en,,
Onbewuste aandachtbias voor jeuk: de rol van aandachtinhibitie en aandachtflexibiliteit,"Damen, Cher","['Laarhoven, A.I.M. van', 'Wolters, F.']",2019,Faculty of Social & Behavioural Sciences,Psychologie (BSc),Bachelor thesis,nl,,
Make your own future: Coups by non-commissioned officers,"Verstappen, Pieter","['Koehler, K.', 'Dooremalen, T.J.A.']",2019,Faculty of Social & Behavioural Sciences,Politicologie (BSc),Bachelor thesis,en,,
Vertrouwen in eigen opvoedkwaliteiten en sensitiviteit van ouder: Verschillen tussen vaders en moeders,"Visser, Sabine","['Woudstra, M.J.', 'Vermeer, H.J.']",2019,Faculty of Social & Behavioural Sciences,Pedagogische wetenschappen (BSc),Bachelor thesis,nl,,
Chronotype en slaapproblemen bij kinderen met en zonder Autisme Spectrum Stoornis,"Winden, Jolijn Emerentia Maria van","['Vermeulen, M.C.M.', 'Zantinge, G.M.']",2019,Faculty of Social & Behavioural Sciences,Pedagogische wetenschappen (BSc),Bachelor thesis,nl,,
Leiderschap en sociale motivatie,"Angeren, Olaf van","['Steinel, W.', 'Boezeman, E.']",2019,Faculty of Social & Behavioural Sciences,Psychologie (BSc),Bachelor thesis,nl,,
The inclusion of traditional authorities in democratic state structures A comparative case study of Botswana and Zambia,"Heun, F. van","['Demarest, L.', 'Boin, A.']",2019,Faculty of Social & Behavioural Sciences,Politicologie (BSc),Bachelor thesis,en,,
From Al-Qaeda and Daesh: A comparison of the role of women in Salafi-Jihadist organisations,"Kleemann, Jennifer","['Haer, R. van der', 'Meijerink, F.G.J.']",2019,Faculty of Social & Behavioural Sciences,Political Science (MSc),Master thesis,en,,
The impact of verbal threat information: How parental communication influences child anxiety behavior,"Oltmanns, Jan","['Aktar, E.', 'Tollenaar, M.S.']",2019,Faculty of Social & Behavioural Sciences,Psychology (MSc),Master thesis,en,,
The relation between the increase in support for the European Union in the Netherlands and the Brexit,"Zanting, Laura","['Dooremalen, T. van', 'Vonno, C. van']",2019,Faculty of Social & Behavioural Sciences,Politicologie (BSc),Bachelor thesis,en,,
De relatie tussen opleidingsniveau van ouders en verwaarlozing: Mogen we opleidingsniveau van vader wel verwaarlozen?,"Pellekoorn, Bas","['Zwaanswijk, W.', 'Alink, L.R.A.']",2019,Faculty of Social & Behavioural Sciences,Education and Child Studies (MSc),Master thesis,nl,,
The influence of individuals in the European Parliament: Do the leadership traits of Rapporteurs have a significant effect on the success of their reports?,"Schuring, Kim","['Veer, H.A.A. van der', 'Otjes, S.P.']",2019,Faculty of Social & Behavioural Sciences,Political Science (MSc),Master thesis,en,,
Web app for the elicitation of a likelihood ratio in forensic science: Development and pilot study,"Herbschleb, Mathilde","['Rooij, M. de', 'Ginkel, J. van']",2019,Faculty of Social & Behavioural Sciences,Psychology (MSc),Master thesis,en,,
"Perceived moral superiority in groups, and its effects on prosocial behavior expression","Ramakic, Dino","['Pliskin, R.', 'Scheepers, D.T.']",2019,Faculty of Social & Behavioural Sciences,Psychologie (BSc),Bachelor thesis,en,,
Intelligentie en zelfregulatie bij kinderen met risico op externaliserende gedragsproblemen vergeleken kinderen uit de controlegroep,"Vlist, R. van der","['Huijbregts, S.', 'Swaab, H.']",2019,Faculty of Social & Behavioural Sciences,Education and Child Studies (MSc),Master thesis,nl,,
The moderation effect of depressive symptoms on the relation between psychotic symptoms and attention and executive functioning,"Çiçek, Çiler","['Habers, G.E.A.', 'Schomaker, J.', 'Chavez Baldini, U.Y.G.']",2019,Faculty of Social & Behavioural Sciences,Psychology (MSc),Master thesis,en,,
"Promoting appropriate littering behavior of motorists: the role of awareness of biospheric, reputational and self-evaluative consequences in ascription of responsibility, personal norms, and littering behavior","Van den Neste, Florine","['Boezeman, E.J.', 'Wal, A. van der']",2019,Faculty of Social & Behavioural Sciences,Psychology (MSc),Master thesis,en,,
We love you and only want your best: Maternal and paternal differences in relationship closeness and vicarious joy,"Norberts, Phil","['Burke, S.', 'Brandner, P.']",2019,Faculty of Social & Behavioural Sciences,Psychologie (BSc),Bachelor thesis,en,,
Trauma als mogelijke voorspeller van de verblijfsduur van jongeren in de JeugdzorgPlus en de modererende rol van geslacht en emotieregulatievaardigheden,"Helm, Angela van der","['Zandvliet, R.', 'Nefs, H.T.']",2019,Faculty of Social & Behavioural Sciences,Education and Child Studies (MSc),Master thesis,nl,,
The effects of financial scarcity on economic decision-making: Temporal discounting regarding gains and losses,"Buuren, Daan van","['Hilbert, L.P.', 'Noordewier, M.K.']",2019,Faculty of Social & Behavioural Sciences,Psychology (MSc),Master thesis,en,,
Muslims on the road,"Dogrul, Elvan","['Barendregt, Bart', 'Maaker, Erik de']",2019,Faculty of Social & Behavioural Sciences,Cultural Anthropology and Development Sociology (MSc),Master thesis,en,,
De effectiviteit van een interventie op het leesbegrip van kinderen in de eerste en tweede klas,"Janssen, Vera","['Chung, Siuman', 'Sikkema-de Jong, Marga']",2019,Faculty of Social & Behavioural Sciences,Pedagogische wetenschappen (BSc),Bachelor thesis,nl,,
Leeftijdsgrens hoorrecht in het civiel recht: Een Stakeholders onderzoek naar de leeftijdsgrens van het hoorrecht in het civiel recht met extra aandacht voor rechtszaken omtrent kinderbeschermingsmaatregelen,"Kraaijeveld, Aline","['Smeets, D.', 'Nefs, H.T.']",2019,Faculty of Social & Behavioural Sciences,Education and Child Studies (MSc),Master thesis,nl,,
The relationship between somatic complaints and emotion regulation in children and adolescents with and without developmental language disorders.,"Vehovec, Tea","['Bedem, Neeltje van den', 'Blöte, Anke']",2019,Faculty of Social & Behavioural Sciences,Psychology (MSc),Master thesis,en,,
Education at zoos: The use of education at zoos moderated by visiting motivations,"Clement, Amaryllis","['Staats, H.J.A.M.', 'Doesum, N.J. van']",2019,Faculty of Social & Behavioural Sciences,Psychology (MSc),Master thesis,en,,
"De relatie tussen drinkgedrag, sociale wenselijkheid en angst voor negatieve evaluatie in de adolescentie","Ossewold, Kim","['Spaans, J.P.', 'Li, B.']",2019,Faculty of Social & Behavioural Sciences,Psychologie (BSc),Bachelor thesis,nl,,
From the rod to respect: The impact of Enlightenment theories on child discipline,"Dycher, Molly","['Rosmalen, L. van', 'Vermeer, H.']",2019,Faculty of Social & Behavioural Sciences,Education and Child Studies (MSc),Master thesis,en,,
Het verband tussen positief risicogedrag en sociale angst: Leidt sociale angst tot verlaagd positief risicogedrag?,"Röttgering, Marijne","['Peper, J.S.', 'Brandner, P.']",2019,Faculty of Social & Behavioural Sciences,Psychologie (BSc),Bachelor thesis,nl,,
'Doe lekker zelf normaal!': Nieuwe partijden en ruw taalgebruik in de Tweede Kamer,"Gemert, Wiek van","['Otjes, S.P.', 'Holsteyn, J. van']",2019,Faculty of Social & Behavioural Sciences,Political Science (MSc),Master thesis,nl,,
De rol van sociale identificatie op het verband tussen binge drinken en blootstelling aan alcohol bij jongvolwassenen,"Spronk, Demi","['Gebhardt, W.A.', 'Buisonjé, D. de']",2019,Faculty of Social & Behavioural Sciences,Psychologie (BSc),Bachelor thesis,nl,,
Influences on the physical self-concept of adolescents: A closer look into the parent-child relationship and the numbers of hours spent on social media,"Schut, Carlijn","['Spaans, J.P.', 'Vogelaar, B.']",2019,Faculty of Social & Behavioural Sciences,Psychology (MSc),Master thesis,en,,
De invloed van optimisme op het nemen van positief risicogedrag,"Nederveen, Michelle","['Peper, J.S.', 'Brandner, P.']",2019,Faculty of Social & Behavioural Sciences,Psychologie (BSc),Bachelor thesis,nl,,
The modulation effect of transcutaneous vagus nerve stimulation on mixed and full percepts in binocular rivalry,"Li, Yiling","['Maraver, M.J.', 'Colzato, L.S.', 'Ghosh, A.']",2019,Faculty of Social & Behavioural Sciences,Psychologie (BSc),Bachelor thesis,en,,
Development of theory of mind in children with Autism Spectrum Disorder,"Bootsman, Sjors","['Rieffe, C.', 'Bos, M.']",2019,Faculty of Social & Behavioural Sciences,Psychology (research) (MSc),Research master thesis,en,,
De verleiding om anderen uit te buiten: De invloed van de motieven harm aversion en risk seeking op de mate van uitbuiten in sociale dilemma's,"Gharib, Myrna el","['Molenmaker, W.E.', 'Steinel, W.']",2019,Faculty of Social & Behavioural Sciences,Psychologie (BSc),Bachelor thesis,nl,,
Vijftien centimeter hoge hakken ;Een studie naar de sociale organisatie van missverkiezingen en motivaties om deel te nemen aan missverkiezingen in de Filipijnen,"Delft, Anna van","['Luning, Sabine', 'Barendregt, Bart']",2019,Faculty of Social & Behavioural Sciences,Cultural Anthropology and Development Sociology (MSc),Master thesis,nl,,
De relatie tussen leesmotivatie en leesbegrip en de rol van geslacht bij leerlingen in de puberteit,"Westenberg, Mèron","['Leijenhorst, L. van', 'Jolles, D.']",2019,Faculty of Social & Behavioural Sciences,Pedagogische wetenschappen (BSc),Bachelor thesis,nl,,
Using statistical learning to curtail the effect of omitted variables in structural equation modeling,"Frasch, Jona","['Kelderman, H.', 'Verdam, M.G.E.']",2019,Faculty of Social & Behavioural Sciences,Psychology (MSc),Master thesis,en,,
Perceived quality of care influenced by an mhealth intervention and predicted from a patient’s perspective,"Gotz van der Vet, A.","['Vaart, R. van der', 'Wijn, N. de']",2019,Faculty of Social & Behavioural Sciences,Psychology (MSc),Master thesis,en,,
NATO’s mediterranean dialogue cooperation for security,"Heite, Lisa","['Meegdenburg, H. van', 'Tromble, R.K.']",2019,Faculty of Social & Behavioural Sciences,Political Science (MSc),Master thesis,en,,
Are annoying ads worth the costs? A research to test the effectiveness of perceived non-annoying advertisements,"Köse, Julide","['Kwaadsteniet, E.W. de', 'Lelieveld, G.']",2019,Faculty of Social & Behavioural Sciences,Psychology (MSc),Master thesis,en,,
Open/gesloten curriculumaanpak en motivatie van leerkrachten,"Doldersum, Martine","['Brabander, C.J. de', 'Glastra, F.J.']",2019,Faculty of Social & Behavioural Sciences,Pedagogische wetenschappen (BSc),Bachelor thesis,nl,,
Stemmingsinductie en ‘framing’ als invloedrijke factoren op prestatie: De invloed van stemming op wilskracht,"Scholten, Ruben","['Steenbergen, H. van', 'Wehebrink, K.S.']",2019,Faculty of Social & Behavioural Sciences,Psychologie (BSc),Bachelor thesis,nl,,
The impact of rising populist parties on mainstream parties of the European parliament in the area of migration,"Feng, Peiying","['Verdun, A.', 'Hirschmann, G.']",2019,Faculty of Social & Behavioural Sciences,Political Science (MSc),Master thesis,en,,
Reken op groei! Een onderzoek naar het verband tussen de motivatie van leerlingen en de indeling in niveaugroepen,"Leijendekkers, Amy","['Stroet, K.F.A.', 'Jolles, D.D.']",2019,Faculty of Social & Behavioural Sciences,Pedagogische wetenschappen (BSc),Bachelor thesis,nl,,
Affiniteit en kwaliteit: De kenniskwaliteit van statistische begrippen bij studenten met en zonder affiniteit voor statistiek na Simulation-Based Inference statistiekonderwijs,"Plas, Laura van der","['Vetten, A.J. de', 'Vos, F. de']",2019,Faculty of Social & Behavioural Sciences,Psychologie (BSc),Bachelor thesis,nl,,
Is een coöperatieve leider voldoende voor win-win overeenkomsten in groepsonderhandelingen?,"Zwetsloot, Daisy","['Steinel, W.', 'Doesum, N.J. van']",2019,Faculty of Social & Behavioural Sciences,Psychologie (BSc),Bachelor thesis,nl,,
Relatie tussen opleiding en ervaring van pleegzorgmedewerkers en besluitvorming bij terugplaatsing,"Bruynseels, Anne","['Schoemaker, N.', 'Geel, M. van']",2019,Faculty of Social & Behavioural Sciences,Pedagogische wetenschappen (BSc),Bachelor thesis,nl,,
"Het verband tussen slaapduur en internaliserende of externaliserende gedragsproblemen bij kinderen met een normale ontwikkeling, ADHD of ASS","Dam, Nikita Theodora van","['Vermeulen, M.C.M.', 'Zantinge, G.M.']",2019,Faculty of Social & Behavioural Sciences,Pedagogische wetenschappen (BSc),Bachelor thesis,nl,,
The effects of cerebellar transcranial direct current stimulation on emotion recognition in moving bodies,"Roovers, Aida","['Maraver, M.J.', 'Colzato, L.S.', 'Ghosh, A.']",2019,Faculty of Social & Behavioural Sciences,Psychologie (BSc),Bachelor thesis,en,,
Volunteer’s dilemma en extraversie,"Kekem, Emmylie van","['Kwaadsteniet, E.W. de', 'Ruigendijk, H.']",2019,Faculty of Social & Behavioural Sciences,Psychologie (BSc),Bachelor thesis,nl,,
Rekenonderwijs aan bovengemiddeld presterende leerlingen: samenhang tussen gebruik van differentiatiestrategieën en interesse in rekenen,"Korbijn, Irene","['Prast, Emilie', 'Jolles, Dietsje']",2019,Faculty of Social & Behavioural Sciences,Pedagogische wetenschappen (BSc),Bachelor thesis,nl,,
Investigating the mediating role of response inhibition in the association between adult attachment and aggression,"Leuenberger, Sara","['Habers, E.', 'Houdt, C. van']",2019,Faculty of Social & Behavioural Sciences,Psychology (MSc),Master thesis,en,,
China’s institutional choices: The rationale behind the Asian Infrastructure Investment Bank,"Redelijkheid, Pieter","['Blarel, N.R.J.B', 'Hirschmann, G.K.']",2019,Faculty of Social & Behavioural Sciences,Political Science (MSc),Master thesis,en,,
Dual citizenship: The top-down versus the bottom-up approach,"Otter, Eline den","['Cauter, J. Van', 'Nieuwenburg, P.']",2019,Faculty of Social & Behavioural Sciences,Political Science (MSc),Master thesis,en,,
Compellence casus: Een vergelijking tussen initiators betreffende hun compellence politiek,"Leek, Dominique van der","['Pellikaan, H.', 'Veer, H. van der']",2019,Faculty of Social & Behavioural Sciences,Politicologie (BSc),Bachelor thesis,nl,,
The Heartland Institute and the framing of climate change denial: An exploration of Environment and climate News as an instrument of anti-reflexive modernization,"Hovens, Rui Filipe","['Tsagkroni, V.', 'Mansvelt Beck, F.']",2019,Faculty of Social & Behavioural Sciences,Political Science (MSc),Master thesis,en,,
The relation between hot and cool executive functioning and psychopaths,"Geus, S. de","['Jansen, Jochem', 'Habers, G.E.A.', 'Ham, C.J.M. van der']",2019,Faculty of Social & Behavioural Sciences,Psychology (MSc),Master thesis,en,,"['psychopathy', 'executive functioning']"
The dynamics of norm change – The case of common but differentiated responsibility,"Wanqi, Liu","['Verdun, A.C.', 'Willigen, N.J.G. van']",2019,Faculty of Social & Behavioural Sciences,Political Science (MSc),Master thesis,en,,
Group negotiations: A chairman in your group negotiation,"Marring, Rachel Anne","['Steinel, W.', 'Harinck, S.']",2019,Faculty of Social & Behavioural Sciences,Psychology (MSc),Master thesis,en,,
Doe het lekker zelf!,"Bruijstens, T.C.","['Geel, M. van', 'Vedder, P.']",2019,Faculty of Social & Behavioural Sciences,Pedagogische wetenschappen (BSc),Bachelor thesis,nl,,
Emotieherkenning en empathie bij kinderen uit Taiwan met een cochleaire implantatie,"Diest, Anne van","['Li, B.', 'Groep, S. van de']",2019,Faculty of Social & Behavioural Sciences,Psychologie (BSc),Bachelor thesis,nl,,
The function of working memory in alcohol consumption among adolescents between 8-28 years old,"Meulman, Wike","['Klapwijk, E.T.', 'Meulen, M. van der']",2019,Faculty of Social & Behavioural Sciences,Psychology (MSc),Master thesis,en,,
The effect of counter-stereotypical advertisements on consumer memory,"Bosak, Dilara","['Scheepers, D.T.', 'Boezeman, E.J.']",2019,Faculty of Social & Behavioural Sciences,Psychology (MSc),Master thesis,en,,
"Orde, democratie en vrijheid: Het denken van Hayek en het democratisch ideaal","Ronde, Rens de","['Oversloot, J.', 'Nieuwenburg, P.']",2019,Faculty of Social & Behavioural Sciences,Politicologie (BSc),Bachelor thesis,nl,,
Combining losses and gains.,"Jung, Ayana","['Molenmaker, Welmer']",2019,Faculty of Social & Behavioural Sciences,Psychologie (BSc),Bachelor thesis,en,,
Boer in hart en nieren; Multisensoriële ervaringen op en rondom de boerderij,"Veens, Anne","['Maaker, Erik de', 'Jansen, Jan']",2019,Faculty of Social & Behavioural Sciences,Cultural Anthropology and Development Sociology (MSc),Master thesis,nl,,
"The value of contemporary art in Accra, Ghana; An anthropological study on the development of","Goff, Ceara Le","['Luning, Sabine', 'Westmoreland, Mark']",2019,Faculty of Social & Behavioural Sciences,Cultural Anthropology and Development Sociology (MSc),Master thesis,en,,
Sekseverschillen in de samenhang tussen causale inferenties en leesmotivatie,"Ieperen, Ellemijn van","['Leijenhorst, Linda van', 'Jolles, Dietsje']",2019,Faculty of Social & Behavioural Sciences,Pedagogische wetenschappen (BSc),Bachelor thesis,nl,,
Privacy at odds with inclusion: Employee perceptions of voluntary self-identification policy,"Idil, Ada","['Toorn, J. van der', 'Leeuwen, E.A.C. van']",2019,Faculty of Social & Behavioural Sciences,Psychology (MSc),Master thesis,en,,
The effects of the VIPP-SD intervention on the development of prosocial donating behavior in middle childhood,"Shaposhnikova, Maria","['Achterberg, M.', 'Zanolie, K.']",2019,Faculty of Social & Behavioural Sciences,Psychology (MSc),Master thesis,en,,
Influence of threat perception on EU enlargement: Russia and the 5th wave of EU enlangement,"Pranjic, Arijan","['Wetering, C. van de', 'Pomorska, K.']",2019,Faculty of Social & Behavioural Sciences,Political Science (MSc),Master thesis,en,,
De samenhang tussen leesmotivatie en begrijpend lezen,"Ouwehand, Marianne","['Leijenhorst, L. van', 'Jolles, D.']",2019,Faculty of Social & Behavioural Sciences,Pedagogische wetenschappen (BSc),Bachelor thesis,nl,,
The alignment of small states in relation to China’s rise in power,"Kessel, Y.J.H.L. van","['DiGiuseppe, M.', 'Tromble, R.K.']",2019,Faculty of Social & Behavioural Sciences,Politicologie (BSc),Bachelor thesis,en,,
Lijken wij op de mensaap? Onderzoek naar emotieherkenning van mensen bij het zien van emotionele expressies van bonobo's,"Meijer, Sarah","['Berlo, E. van', 'Steenbergen, H. van']",2019,Faculty of Social & Behavioural Sciences,Psychologie (BSc),Bachelor thesis,nl,,
Het verband tussen religiositeit van ouders en impliciete ideeën van ouders en kind over genderstereotypen,"Jabri, Omaïma el","['Vries, E. de', 'Zandvliet, R.']",2019,Faculty of Social & Behavioural Sciences,Pedagogische wetenschappen (BSc),Bachelor thesis,nl,,
How mood and reward contingency modulate cognitive control: A voluntary task switching study,"Stevenson, Niek","['Steenbergen, H. van', 'Berlo, E. van']",2019,Faculty of Social & Behavioural Sciences,Psychologie (BSc),Bachelor thesis,en,,
Persoonlijkheid en navigatievermogen: Een onderzoek naar de invloed van extraversie op navigatiestrategieën en routevervolging,"Meer, Anne van der","['Kuil, M. van der']",2019,Faculty of Social & Behavioural Sciences,Psychologie (BSc),Bachelor thesis,nl,,
Exploration of the dynamics of resting state EEG within a short time span.,"Eijk, Marloes van","['Ghosh, Arko', 'Sjoerds, Zsuzsika']",2019,Faculty of Social & Behavioural Sciences,Psychology (MSc),Master thesis,en,,
Het effect van de sociale interventie ‘Breekjaar’ op internaliserende problemen,"Lith, Sophie van","['Aar, L.P.E. van der', 'Macks, Z.A. op de']",2019,Faculty of Social & Behavioural Sciences,Psychologie (BSc),Bachelor thesis,nl,,
"De relatie tussen sociale steun, stress en sensitief opvoeden bij moeders met een baby van 14 maanden","Castaño Rosario, Denise M.","['Mesman, J.', 'Pektas, F.']",2019,Faculty of Social & Behavioural Sciences,Education and Child Studies (MSc),Master thesis,nl,,
On the interpretation of intra- and intergroup help offers,"Wakker, Steffenie","['Leeuwen, E. van', 'Mors, E. ter']",2019,Faculty of Social & Behavioural Sciences,Psychology (MSc),Master thesis,en,,
Family aggregation of childhood maltreatment and parental bonding and the association with depression severity,"Lüders, H.","['Kullberg, M.', 'Elzinga, B.M.']",2019,Faculty of Social & Behavioural Sciences,Psychology (MSc),Master thesis,en,,
Denk na voordat je iets doet: Impulsiviteit van de ouder als mediator tussen trauma in de kindertijd en het plegen van huiselijk geweld,"Maarseveen, Febe","['Asdonk, S. van der', 'Veen, R. van der']",2019,Faculty of Social & Behavioural Sciences,Education and Child Studies (MSc),Master thesis,nl,,
"Het effect van niet-integriteit, niet-transparantie en niet-reciprociteit van non-profit organisaties op psychologische contract schending ervaren door donateurs, en wat dat vervolgens betekent voor het vertrouwen in de organisatie en de donatiebereidheid van donateurs","Voorde, Nadine van der","['Boezeman, E.J.', 'Ruigendijk, H.A.H.']",2019,Faculty of Social & Behavioural Sciences,Psychologie (BSc),Bachelor thesis,nl,,
Neurocognitief functioneren bij kinderen middels Virtual Reality: Welke cognitieve factoren zijn gerelateerd aan de rekenprestaties van basisschoolleerlingen in een natuurlijke setting?,"Westerduin, Jennifer","['Bergwerff, C.E.', 'Dijkxhoorn, Yvette']",2019,Faculty of Social & Behavioural Sciences,Education and Child Studies (MSc),Master thesis,nl,,
Coöperatie in sociale dilemma’s: De mate van coöperatie in sociale dilemma’s waarbij zowel winst als verlies op het spel staan,"Steman, Maartje","['Molenmaker, W.E.', 'Steinel, W.']",2019,Faculty of Social & Behavioural Sciences,Psychologie (BSc),Bachelor thesis,nl,,
Bekijk het eens vanuit een ander perspectief: Een studie naar de invloed van perspectief nemen op tekstbegrip,"Budde, Jennifer","['Koornneef, A.W.', 'Jolles, D.']",2019,Faculty of Social & Behavioural Sciences,Education and Child Studies (MSc),Master thesis,nl,,
Kennis van bootstrapping na een lessenserie op basis van Simulation Based Inference,"Lommerse, Romy","['Vetten, A.J. de', 'Vos, F. de']",2019,Faculty of Social & Behavioural Sciences,Psychologie (BSc),Bachelor thesis,nl,,
The impact of frames on non-governmental organizations conducting search and rescue operations in the Mediterranean sea,"Thijssen, K.C.A.","['Verdun, A.', 'Hirschmann, G.']",2019,Faculty of Social & Behavioural Sciences,Political Science (MSc),Master thesis,en,,
Communist regime experience and immigrant voting behavior,"Ligthart, Djessie","['Otjes, S.', 'Meffert, M.']",2019,Faculty of Social & Behavioural Sciences,Political Science (MSc),Master thesis,en,,
Mediageletterdheid van kinderen: Een literatuurstudie naar het aanleren van kennis en vaardigheden in media aan kinderen,"Mudde, Renée","['Jansen, Jan', 'Barendregt, Bart']",2019,Faculty of Social & Behavioural Sciences,Cultural Anthropology and Development Sociology (BSc),Bachelor thesis,nl,,
November 2015 Paris attacks and the European refugee crisis,"Heugen, Evy","['Dooremalen, T. van', 'Benneker, V.']",2019,Faculty of Social & Behavioural Sciences,Politicologie (BSc),Bachelor thesis,en,,
Trust and reciprocity under noise: When intentions cannot be communicated clearly,"Rosmalen, David van","['Dijk, E. van', 'Kwaadsteniet, E.W. de']",2019,Faculty of Social & Behavioural Sciences,Psychology (MSc),Master thesis,en,,
Does low political trust drive emigrations? An exploratory study into the relationship between political trust & emigration of youth from Croatia to the Netherlands,"Smoljanec, Dora","['Wetering, C.C. van de', 'Spirova, M.S.']",2019,Faculty of Social & Behavioural Sciences,Political Science (MSc),Master thesis,en,,
Kwalitatief onderzoek naar kennis over betrouwbaarheidsintervallen na een Simulation Based Inference lessenserie,"Admiraal, Sten","['Vetten, A.J. de', 'Vos, F. de']",2019,Faculty of Social & Behavioural Sciences,Psychologie (BSc),Bachelor thesis,nl,,
Expressieve taalvaardigheid bij kinderen met een extra X- of Ychromosoom: De rol van temperament en ouderlijke sensitiviteit,"Dekker, Merel Laurence","['Urbanus, E.L.', 'Vermeulen, M.C.M.']",2019,Faculty of Social & Behavioural Sciences,Education and Child Studies (MSc),Master thesis,nl,,
Proactive and reactive aggression and their relation to indices of social competence in early childhood,"Lorenz, T.I.","['Rieffe, C.', 'Klaveren, L. van']",2019,Faculty of Social & Behavioural Sciences,Psychology (research) (MSc),Research master thesis,en,,
The influence of transcutaneous vagus nerve stimulation on prospective memory,"Vugt, Nathalie van","['Maraver Romero, M.J.']",2019,Faculty of Social & Behavioural Sciences,Psychologie (BSc),Bachelor thesis,en,,
Civil-military relations in Egypt and Syria: The determinants of successful coup-proofing,"Berg, Rowan","['Koehler, K.', 'Brinkel, T.B.F.M.']",2019,Faculty of Social & Behavioural Sciences,Politicologie (BSc),Bachelor thesis,en,,
Until All Are Free; A critical reflection on how the Animal Liberation Front challenges and adapts to capitalist discourses,"Laar, Anna van de","['Luning, Sabine', 'Littlejohn, Andrew']",2019,Faculty of Social & Behavioural Sciences,Cultural Anthropology and Development Sociology (BSc),Bachelor thesis,en,,
Stress en ongelukkige gevoelens in ‘cycle of abuse’: is sprake van een mediatie-effect van stress en ongelukkige gevoelens in de intergenerationele overdracht van kindermishandeling?,"Welvaarts, Femke","['Linting, Mariëlle', 'Andeweg, Suzanne']",2019,Faculty of Social & Behavioural Sciences,Education and Child Studies (MSc),Master thesis,nl,,
Making the European neighbourhood policy work: The conditions for promoting human rights,"Akker, Marta op den","['Pomorska, Karolina', 'Blarel, Nicolas']",2019,Faculty of Social & Behavioural Sciences,Political Science (MSc),Master thesis,en,,
Hot or not? The influence of attractiveness on attentional bias in an implicit association test,"Beitsma, Fabian","['Roth, T.', 'Jongkees, B.']",2019,Faculty of Social & Behavioural Sciences,Psychologie (BSc),Bachelor thesis,en,,
"Choosing your future: The relationship between selfesteem, personality and career decision-making in Dutch adolescents","Doornbos, Yannick P.","['Aar, L.P.E. van der', 'Peters, S.']",2019,Faculty of Social & Behavioural Sciences,Psychology (MSc),Master thesis,en,,
A party cartel? The effect of party funding availability on new party entry,"Vogelaar, Lisa","['Rashkova, E.R.', 'Louwerse, T.']",2019,Faculty of Social & Behavioural Sciences,Political Science (MSc),Master thesis,en,,
Compellence & deterrence: Assessing war initiation in asymmetric cases,"Sluijs, Julia van","['Pellikaan, H.', 'Veer, H. van der']",2019,Faculty of Social & Behavioural Sciences,Politicologie (BSc),Bachelor thesis,en,,
The potential of transcranial alternating current stimulation to improve social-emotional action control,"Dielessen, Lisa","['Nieuwenhuis, S.T.', 'Jongkees, B.J.']",2019,Faculty of Social & Behavioural Sciences,Psychology (research) (MSc),Research master thesis,en,,
Risk and resilience to depression and anciety disorders after childhood mailtreatment: a sibling study,"Gigase, Frederieke","['Kullberg, Marie-Louise', 'Elzinga, Bernet']",2019,Faculty of Social & Behavioural Sciences,Psychology (MSc),Master thesis,en,,
The relation between route order memory and working memory in healthy participants and stroke patients,"Richards, Kirsten","['Kuil, M.N.A. van der', 'Habers, G.E.A.']",2019,Faculty of Social & Behavioural Sciences,Psychology (MSc),Master thesis,en,,
Nocebo effects on itch and its relationship with negative affect,"Grinten, Julia van der","['Blythe, J.', 'Schaefer, R.S.']",2019,Faculty of Social & Behavioural Sciences,Psychologie (BSc),Bachelor thesis,en,,
Recognizing emotions through the eyes of incarcerated men with trauma and psychopathy: A study about the mediating effect of cognitive empathy in the relationship between childhood trauma and psychopathy,"Martijn, Guusje","['Habers, G.E.A.', 'Kuil, M. van der', 'Jansen, J.']",2019,Faculty of Social & Behavioural Sciences,Psychology (MSc),Master thesis,en,,
The effect of maximisation on decision avoidance,"Altenburg, Daria","['Putten, M. van', 'Boezeman, E.J.']",2019,Faculty of Social & Behavioural Sciences,Psychology (MSc),Master thesis,en,,
Emotion and cognitive function: The impact of positive and negative emotions on cognitive inhibition and the role of heart rate variability and neuroticism,"Nes, J.M. van","['Middendorp, H. van', 'Habers, G.E.A.']",2019,Faculty of Social & Behavioural Sciences,Psychology (MSc),Master thesis,en,,
De relatie tussen emotionele verwaarlozing en sociale angstklachten onder studenten: Maakt gender een verschil?,"Pavlisa, Daniela","['Kleine, R.A. de', 'Krause, A.']",2019,Faculty of Social & Behavioural Sciences,Psychologie (BSc),Bachelor thesis,nl,,
Zooming in on the psychological mechanisms underlying the intention – behavior gap: A proposal to intervene towards healthy behavior,"Roggeveen, Arent","['Keesman, M.', 'Vaart, R. van der']",2019,Faculty of Social & Behavioural Sciences,Psychologie (BSc),Bachelor thesis,en,,
"“And I’m feeling good…”: The relationship between music, positive emotions and pro-social behavior","Renskers, Reinier","['Doesum, N.J. van', 'Harinck, F.']",2019,Faculty of Social & Behavioural Sciences,Psychology (MSc),Master thesis,en,,
Dictatorship can be a good thing! The effect of social motive and dictatorship on group negotiation processes,"Gritter, Nick","['Steinel, W.', 'Doesum, N.J. van']",2019,Faculty of Social & Behavioural Sciences,Psychologie (BSc),Bachelor thesis,nl,,
Emotion and conflict adaptation: The role of phasic arousal and personal relevance,"Landman, Lisa","['Steenbergen, H. van', 'Sjoerds, Z.']",2019,Faculty of Social & Behavioural Sciences,Psychology (research) (MSc),Research master thesis,en,,
Microbiome-gut-brain axis: A randomized controlled trial investigating the effects of a four-week multispecies probioatic intervention on gloomy mood and anxietey in healthy subjects,"Bolijn, J.E.","['Jonkees, B.J.', 'Bassa-Moro, S.']",2019,Faculty of Social & Behavioural Sciences,Psychologie (BSc),Bachelor thesis,en,,
Hoe realistisch worden problematische contextopgaven in Nederland beantwoord,"Janse de Jonge, Martine","['Hickendorff, Marian', 'Broek, Paul van den']",2019,Faculty of Social & Behavioural Sciences,Education and Child Studies (MSc),Master thesis,nl,,
Promoting pro-environmental consumption: Do organizational morality and competence contribute to organizational attractiveness in a way that they promote pro-environmental consumer behavior?,"Brink, Sam van den","['Boezeman, E.J.', 'Wal, A. van der']",2019,Faculty of Social & Behavioural Sciences,Psychology (MSc),Master thesis,en,,
"Ambachtelijke kaas: Wat is de wisselwerking tussen het construeren van de ambachtelijkheid van Italiaans en Amerikaanse kaas enerzijds en de relatie tussen consument, producent en product anderzijds?","Pulleman, Tirza","['Boer, Simone de', 'Luning, Sabine']",2019,Faculty of Social & Behavioural Sciences,Cultural Anthropology and Development Sociology (BSc),Bachelor thesis,nl,,
De relatie tussen de sociale validiteit en het gebruik van De Voorleeshoek,"Kool, Annabel de","['Mol, S.E.', 'Dijken, M.J. van']",2019,Faculty of Social & Behavioural Sciences,Pedagogische wetenschappen (BSc),Bachelor thesis,nl,,
Predictieve validiteit,"Buma, Eefje","['Rooij, M. de', 'Weeda, W.']",2019,Faculty of Social & Behavioural Sciences,Psychologie (BSc),Bachelor thesis,nl,,
Scarcity and coping: An examination of appraisals and coping style in a negative financial situation,"Boonen-Vaes, Lorraine","['Seip, E.C.', 'Dijk, W. van']",2019,Faculty of Social & Behavioural Sciences,Psychology (MSc),Master thesis,en,,
How to organize community compensation: The influence of institutionalization and voice on collective action towards CCS facility siting,"Bijstra, Jelmar","['Mors, E. ter', 'Leeuwen, E. van']",2019,Faculty of Social & Behavioural Sciences,Psychology (MSc),Master thesis,en,,
"Using network analysis to investigate the associations between symptoms of depression, rumination and worry","Jones, R.F.","['Struijs, S.', 'Edelaar, Y.']",2019,Faculty of Social & Behavioural Sciences,Psychology (MSc),Master thesis,en,,
"Scales in negotiation; A case of legacies, practices, and imagined futures inmother tongue-based education in Baggao, Cagayan, Philippines","McGoff, Mallory","['Luning, Sabine', 'Littlejohn, Andrew']",2019,Faculty of Social & Behavioural Sciences,Cultural Anthropology and Development Sociology (MSc),Master thesis,en,,
Aanpassingen in het leespatroon en de invloed van werkgeheugencapaciteit,"Edelkoort, Sanne","['Koornneef, A.', 'Hickendorff, M.']",2019,Faculty of Social & Behavioural Sciences,Pedagogische wetenschappen (BSc),Bachelor thesis,nl,,
The role of social influences in bridging the intention-behavior gap for physical activity,"Kooy, Livia","['Keesman, M.', 'Vliet, L. van']",2019,Faculty of Social & Behavioural Sciences,Psychology (MSc),Master thesis,en,,
De relatie tussen de mate van zelfwaardering en de mate van spreekangst onder manndelijke en vrouwelijke studenten,"Hogewoning, Barbara","['Kleine, R.A. de', 'Krause, A.']",2019,Faculty of Social & Behavioural Sciences,Psychologie (BSc),Bachelor thesis,nl,,
The influence of smartphone salience on taste perception,"Visseren, Lotte","['Dillen, L. van', 'Zech, H.']",2019,Faculty of Social & Behavioural Sciences,Psychology (MSc),Master thesis,en,,
Assessing the effects of place attachment on support for wind energy development moderated by the type of developer,"Vlieland, Wouter","['Boomsma, G.T.', 'Dillen, L.F. van']",2019,Faculty of Social & Behavioural Sciences,Psychologie (BSc),Bachelor thesis,en,,
"The influence of positive peer feedback on anticipatory anxiety, performance expectations, and heart rate variability in high socially anxious individuals","Peereboom, Sanne","['Miers, A.C.', 'Molen, M.J.W. van der']",2019,Faculty of Social & Behavioural Sciences,Psychologie (BSc),Bachelor thesis,en,,
The effects of tVNS in facial emotion recognition,"Kuiper, Marije","['Maraver Romero, M.J.']",2019,Faculty of Social & Behavioural Sciences,Psychologie (BSc),Bachelor thesis,en,,
"Meer zelfregulatie gaat samen met minder prosociaal gedrag bij kinderen en adolescenten: Zelfregulatie, prosociaal gedrag en de mediërende rol van sociale competentie","Dursun, Sümeyra","['Macks, Z.A. op de', 'Spaans, J.P.']",2019,Faculty of Social & Behavioural Sciences,Psychologie (BSc),Bachelor thesis,nl,,
"Dynamic testing: How giftedness, socioeconomic status and test anxiety come into play","Koek, Nienke","['Vogelaar, B.', 'Resing, W.C.M.']",2019,Faculty of Social & Behavioural Sciences,Psychology (MSc),Master thesis,en,,
"Sociale influencers, het plaatsen van alcohol en Instagrammers: Wat betekent dit voor jongvolwassenen?","Jeurissen, Jolie","['Gebhardt, W.A.', 'Buisonjé, D. de']",2019,Faculty of Social & Behavioural Sciences,Psychologie (BSc),Bachelor thesis,nl,,
"Deterring Islamic State, an Italian job: Has deterrence played a role in the reason for why Italy has not been attacked by Islamic State?","Gilissen, Josephine","['Blarel, Nicolas', 'Pellikaan, Huib']",2019,Faculty of Social & Behavioural Sciences,Political Science (MSc),Master thesis,en,,
The effect of task-irrelevant positive affect on cognitive flexibility and distractibility,"Toor, L.E. van","['Steenbergen, H. van', 'Berlo, E. van']",2019,Faculty of Social & Behavioural Sciences,Psychologie (BSc),Bachelor thesis,en,,
A meta-analysis comparing adolescents who have sexually offended against intrafamilial versus extrafamilial victims,"Martijn, F.M.","['Molendijk, M.L.', 'Giezen, A. van', 'Babchishin, K.']",2019,Faculty of Social & Behavioural Sciences,Psychology (MSc),Master thesis,en,,
Tonic immobility during panic attacks,"Brokmeier, T.","['Kleine, R.A. de', 'Mouthaan, J.']",2019,Faculty of Social & Behavioural Sciences,Psychology (MSc),Master thesis,en,,
What explains political leaders' issue attention in live tv-interviews on current affairs programs?,"Weenink, Bo Tan","['Louwerse, T.', 'Meffert, M.']",2019,Faculty of Social & Behavioural Sciences,Political Science (MSc),Master thesis,en,,
"Waarom zou ik?: Over gender, perspectief, verblijfsduur en behandelmotivatie in de JeugdzorgPlus","Kesteren, Rianne van","['Barneveld, Petra', 'Vermeulen, Marije']",2019,Faculty of Social & Behavioural Sciences,Education and Child Studies (MSc),Master thesis,nl,,
Is je ‘eigen’ kind anders? Laten vrouwen zonder kinderen sensitievere voorgenomen reacties zien op huil- en lachgeluiden van een gesuggereerd eigen kind in vergelijking met een onbekend kind?,"Hooftman, Silvie","['Huffmeijer, R.', 'Zandvliet, R.']",2019,Faculty of Social & Behavioural Sciences,Pedagogische wetenschappen (BSc),Bachelor thesis,nl,,
A causal role of the vagal nerve in empathic accuracy,"Karatzanou, Katia","['Maraver Romero, M.J.', 'Kim, Y.']",2019,Faculty of Social & Behavioural Sciences,Psychologie (BSc),Bachelor thesis,en,,
Are Coup-proofing mechanisms the key factor in the decision making of the militaries faced with mass uprisings during the Arab Spring?,"Hengeveld, S.","['Koehler, K.', 'Sampson, M.']",2019,Faculty of Social & Behavioural Sciences,Politicologie (BSc),Bachelor thesis,en,,
Adolescent depressed mood and perceived parental support – An ecological momentary assessment study,"Lindenburg, Y.Y.H.","['Janssen, L.H.C.', 'Elzinga, B.']",2019,Faculty of Social & Behavioural Sciences,Psychology (MSc),Master thesis,en,,
"De invloed van fillerzinnen op inconsistentie-detectie tijdens het lezen bij jonge, oude, zwakke en sterke begrijpend lezers op de basisschool","Hoeven, Laura van","['Helder, A.', 'Broek, P.W. van den']",2019,Faculty of Social & Behavioural Sciences,Education and Child Studies (MSc),Master thesis,nl,,
"Approach and avoidance tendencies towards food and color: The effect of hue, saturation and value on approach and avoidance tendencies towards healthy and unhealthy food","Dillies, Louise","['Zech, H.G.', 'Dillen, L.F. van']",2019,Faculty of Social & Behavioural Sciences,Psychology (MSc),Master thesis,en,,
The impact of Tonic Immobility symptoms on the effectiveness of an intensive trauma-focused psychological treatment for post-traumatic stress disorder,"Bosch, M. van den","['Mouthaan, J.', 'Giezen, A.E. van']",2019,Faculty of Social & Behavioural Sciences,Psychology (MSc),Master thesis,en,,
Emotion recognition in Taiwanese children with and without a cochlear implant: An eye-tracking study,"Verberg, Michèle","['Li, B.', 'Spaans, J.P.']",2019,Faculty of Social & Behavioural Sciences,Psychology (MSc),Master thesis,en,,
What does your heart say?: How does your heart respond to performance feedback from a computer vs a person,"Scharma, Jotsena","['Kortink, E.', 'Molen, M. van der']",2019,Faculty of Social & Behavioural Sciences,Psychologie (BSc),Bachelor thesis,en,,
Emotioneel redeneren en een interne locus of control bij emetofobie,"Priem, Nienke","['Verwoerd, J.', 'Rover, M.']",2019,Faculty of Social & Behavioural Sciences,Psychologie (BSc),Bachelor thesis,nl,,
Participatient: The implementation and acceptability of an mHealth application for hospitalized patients,"Beckerman, Rianne M.A.","['Vaart, R. van der', 'Verhoeven, C.']",2019,Faculty of Social & Behavioural Sciences,Psychology (MSc),Master thesis,en,,
Tekstverbeteringen en andere voorspellers voor tekstbegrip: Cognitieve theorieën over begrijpend lezen toegepast op schoolteksten over orkanen en water voor vmbo 2 en vwo 2,"Both, Lizanne","['Broek, P.W. van den', 'Helder, A.']",2019,Faculty of Social & Behavioural Sciences,Education and Child Studies (MSc),Master thesis,nl,,
Dodging the bullet of electoral violence: A case study of Benin,"Vries, Job de","['Demarest, L.', 'Boin, A.']",2019,Faculty of Social & Behavioural Sciences,Politicologie (BSc),Bachelor thesis,en,,
Gedragsmatig functioneren bij kinderen in pleegzorg: Rol van type plaatsing bij probleemgedrag van kinderen in pleegzorg,"Stolker, Marin","['Vedder, P.', 'Goemans, A.']",2019,Faculty of Social & Behavioural Sciences,Education and Child Studies (MSc),Master thesis,nl,,
Prefilled tax fields and tax complaince: The impact of correctness of information in prefilled tax fields on tax complainance.,"Stuyven, Koen","['Dijk, Wilco van', 'Dijk, Eric van']",2019,Faculty of Social & Behavioural Sciences,Psychology (MSc),Master thesis,en,,
Glutamatergic concentrations in the Anterior Cingulate Cortex and set-shifting in medication-free subjects with psychosis,"Keus, Ryanna","['Beugen, S. van', 'Schomaker, J.', 'Pluijm, M. van der']",2019,Faculty of Social & Behavioural Sciences,Psychology (MSc),Master thesis,en,,
Predictors of perceived stigmatization in patients with chronic skin conditions,"Knijnenburg, Milou","['Beugen, S. van', 'Gucht, V. de']",2019,Faculty of Social & Behavioural Sciences,Psychology (MSc),Master thesis,en,,
Beyond dialysis treatment modality for health-related quality of life in end-stage renal disease,"Maduro, C.S.A.","['Trommel, J.', 'Vliet, L. van']",2019,Faculty of Social & Behavioural Sciences,Psychology (MSc),Master thesis,en,,
The influence of expectations on heart rate variability in response to stress,"Dijk, Fleur W.F. van","['Tekampe, J.', 'Hiele, K. van der']",2019,Faculty of Social & Behavioural Sciences,Psychology (MSc),Master thesis,en,,
Social learning as an explanation for the placebo effect,"Meer, Demi van der","['Smits, R.M.', 'Middendorp, H. van']",2019,Faculty of Social & Behavioural Sciences,Psychologie (BSc),Bachelor thesis,en,,
Identity formation and sense of belonging among Chinese students in Leiden University,"Xu, Yunxin","['Saptari, R.', 'Barendregt, B.']",2019,Faculty of Social & Behavioural Sciences,Cultural Anthropology and Development Sociology (MSc),Master thesis,en,,
Teamwork in high reliability organizations. The relationship between team diversity and team performance: Moderation effects of trust and psychological safety,"Bergen, Melina","['Groeneweg, J.', 'Kleijn, R.E. de']",2019,Faculty of Social & Behavioural Sciences,Psychology (MSc),Master thesis,en,,
Music and stress in the daily lives of international students: A network perspective,"Ok, Ayşe Leyla","['Fried, E.I.', 'Bruijn, E.R.A. de']",2019,Faculty of Social & Behavioural Sciences,Psychologie (BSc),Bachelor thesis,en,,
The relation between perceived maternal discrimination and sensitive parenting and the moderating role of identity in a Turkish-Dutch sample,"Fokker, Cathelijne","['Emmen, R.', 'Mesman, J.']",2019,Faculty of Social & Behavioural Sciences,Education and Child Studies (MSc),Master thesis,en,,
Traumasymptomen van de ouder en probleemgedrag van de jongere: De rol van opvoedstress,"Kuiper, Yaniecka","['Alink, L.', 'Rippe, R.']",2019,Faculty of Social & Behavioural Sciences,Education and Child Studies (MSc),Master thesis,nl,,
"Parental bonding, adult attachment and its cross-sex effects on anxiety and depression: A retrospective approach","Roetman, Lieke","['Kullberg, M.', 'Elzinga, B.']",2019,Faculty of Social & Behavioural Sciences,Psychology (MSc),Master thesis,en,,
"Venus, de koploper in interetnische relaties: De samenhang tussen geslacht en mate van culturele diversiteit in het sociale netwerk en de rol die identiteitsstijl hierbij speelt","Jansen, Marissa","['Vedder, P.H.', 'Geel, M. van']",2019,Faculty of Social & Behavioural Sciences,Education and Child Studies (MSc),Master thesis,nl,,
Verband tussen identiteitsstijlen en externaliserende problematiek: Moderatie door geslacht,"Artist, C.L.","['Vedder, P.H.', 'Geel, M. van']",2019,Faculty of Social & Behavioural Sciences,Education and Child Studies (MSc),Master thesis,nl,,
"Dictator versus voorzitter, maakt macht de leider?: De effecten van soorten macht, sociale motivatie en gender in groepsonderhandelingen","Leeuwen, Jonna van","['Steinel, W.', 'Boezeman, E.']",2019,Faculty of Social & Behavioural Sciences,Psychologie (BSc),Bachelor thesis,nl,,
Does peer observation matter? Does peer observation influence HRV and how might self-asteem be linked with HRV?,"Jagram, Serita","['Kortink, E.D.', 'Molen, M.J.W. van der']",2019,Faculty of Social & Behavioural Sciences,Psychologie (BSc),Bachelor thesis,en,,
De invloed van The BeeLine Reader op tekstbegrip en leessnelheid bij beginnende lezers,"Jong, Lisa de","['Koornneef, Arnout', 'Jolles, Dietsje']",2019,Faculty of Social & Behavioural Sciences,Pedagogische wetenschappen (BSc),Bachelor thesis,nl,,
Food for thought: Een antropologische literatuurstudie naar hoe “groene” activistische bewegingen zoals deSlow Food- en de GAS-beweging in Italië uiting geven aan zorgen over sociale- en klimaatproblemen en hoe antropologen studie hebben gemaakt van dergelijke bewegingen,"Rensen, Sijtie","['Luning, Sabine', 'Bähre, Erik']",2019,Faculty of Social & Behavioural Sciences,Cultural Anthropology and Development Sociology (BSc),Bachelor thesis,nl,,
Exploring the effects of human-robot cooperation on self-other integration and robot acceptance,"Kan, Koen van","['Heijnen, S.', 'Sellaro, R.']",2019,Faculty of Social & Behavioural Sciences,Psychology (MSc),Master thesis,en,,
“Should I stay or should I go?” Volunteers staying a volunteer with their nonprofit organization despite adverse work conditions and job dissatisfaction,"Klempau, Carolina","['Boezeman, E.J.', 'Putten, M. van']",2019,Faculty of Social & Behavioural Sciences,Psychology (MSc),Master thesis,en,,
Invloed overheid op onderwijsbeleid in Caribisch Nederland: Fabel of feit? De invloed van de Nederlandse overheid op het onderwijsbeleid in het Caribisch deel van het Koninkrijk vanaf 1800,"Ghoulbzouri, Oumaima El","['Reuler, A.A.H.E. van', 'Verschoor, M.']",2019,Faculty of Social & Behavioural Sciences,Politicologie (BSc),Bachelor thesis,nl,,
Narrative exposure therapy for childhood abuse-related post-traumatic stress disorder: A single case series,"Fransen, Lex Johannes","['Hoeboer, C.', 'Mouthaan, J.']",2019,Faculty of Social & Behavioural Sciences,Psychology (MSc),Master thesis,en,,
"A look into the dynamic interplay between daylight, stress and depression","Vel Tromp, Myrthe","['Fried, E.I.', 'Bruijn, E.R.A. de']",2019,Faculty of Social & Behavioural Sciences,Psychologie (BSc),Bachelor thesis,en,,
Dehumanization and impersonal communication to ease social exclusion for the excluder,"Konijn, Angela Maria","['Doolaard, F.', 'Noordewier, M.']",2019,Faculty of Social & Behavioural Sciences,Psychology (MSc),Master thesis,en,,
Stereotype threat effects on navigation performance in women,"Berge, Lisa van den","['Ham, C.J.M. van der', 'Kuil, M.N.A. van der']",2019,Faculty of Social & Behavioural Sciences,Psychologie (BSc),Bachelor thesis,en,,
The relationship between responsibility and error-related negativity,"Kok, Jesse de","['Bruijn, E.R.A. de', 'Ly, V.']",2019,Faculty of Social & Behavioural Sciences,Psychologie (BSc),Bachelor thesis,en,,
Samenhang tussen depressie en sportief zelfconcept,"Weijers, Matthijs","['Peters, S.', 'Aar, L. van der']",2019,Faculty of Social & Behavioural Sciences,Psychologie (BSc),Bachelor thesis,nl,,
Training and transfer effects of reactive inhibition in children,"Zamara, Rebekka","['Peters, S.', 'Aydin, S.']",2019,Faculty of Social & Behavioural Sciences,Psychology (MSc),Master thesis,en,,
The effects of transcutaneous vagus nerve stimulation on emotion recognition in dynamic and static facial expressions,"Hossein, Romina","['Maraver Romero, M.J.', 'Jongkees, B.J.']",2019,Faculty of Social & Behavioural Sciences,Psychology (research) (MSc),Research master thesis,en,,
Verschillen in de hoeveelheid correct onthouden informatie die consistent of inconsistent is met de achtergrondkennis bij het lezen van teksten: De rol van inhibitie en cognitieve flexibiliteit,"Koning, Iris de","['Jansen, L.', 'Moort, M. van']",2019,Faculty of Social & Behavioural Sciences,Pedagogische wetenschappen (BSc),Bachelor thesis,nl,,
"Transnational advocacy networks in conflict transformation: Women, peace & security in Iraq via UNSCR 1325","Ruseva, Stanimira","['Wetering, Carina van de', 'Ragazzi, Francesco']",2019,Faculty of Social & Behavioural Sciences,Political Science (MSc),Master thesis,en,,
Betrouwbaarheidsintervallen & simulation-based inference: Welke kennis over betrouwbaarheidsintervallen laten zes psychologie studenten zien na toetsende statistiek geleerd te hebben volgens de SBI-methode?,"Hoekstra, Iris","['Vetten, A. de', 'Vos, F. de']",2019,Faculty of Social & Behavioural Sciences,Psychologie (BSc),Bachelor thesis,nl,,
"The role of pain catastrophizing, fear of pain and optimism in the placebo and the nocebo effect","Lešnik, V.","['Veldhuijzen, D.S.', 'Tommel, J.']",2019,Faculty of Social & Behavioural Sciences,Psychology (MSc),Master thesis,en,,
Oogbewegingen en hun verband met leesvaardigheid en de mate van leesbegrip,"Koster, Bojanna","['Swart, E.K.', 'Chung, S.']",2019,Faculty of Social & Behavioural Sciences,Education and Child Studies (MSc),Master thesis,nl,,
The ruining coalition: How the size of the ruling coalition in authoritarian regimes affects the government’s ability to terminate civil war,"Van de Voort, Kaz","['Haer, R. van der', 'Jentzsch, C.']",2019,Faculty of Social & Behavioural Sciences,Political Science (MSc),Master thesis,en,,
Becoming a female cat-folk in virtual world; On Gender Bending and Gender Performativity in final fantasy XIV,"Rahadian, Muhammad Arief","['Barendregt, Bart', 'Westmoreland, Mark']",2019,Faculty of Social & Behavioural Sciences,Cultural Anthropology and Development Sociology (MSc),Master thesis,en,,
Trade dependency as an impediment to autonomous foreign policy of small states? A test of the patron-client model,"Laureyns, Helena","['Veenendaal, W.', 'Bakker, F.']",2019,Faculty of Social & Behavioural Sciences,Politicologie (BSc),Bachelor thesis,en,,
Taalvaardigheid en externaliserend gedrag bij kinderen tussen de 5 en 18 jaar,"Nijburg, Sterre","['Huijbregts, S.C.J.', 'Swaab, H.']",2019,Faculty of Social & Behavioural Sciences,Education and Child Studies (MSc),Master thesis,nl,,
Zelfregulatie en de mate van kindermishandeling,"Leeuwen, Genêva van","['Alink, L.R.A.', 'Rippe, R.C.A.']",2019,Faculty of Social & Behavioural Sciences,Pedagogische wetenschappen (BSc),Bachelor thesis,nl,,
The faire trade paradox: Een kritische analyse van lokale consequenties van universele fair trade richtlijnen,"Janson, Joke","['Boer, Simone de', 'Bähre, Erik']",2019,Faculty of Social & Behavioural Sciences,Cultural Anthropology and Development Sociology (BSc),Bachelor thesis,nl,,
The Europe-Asia connectivity strategy and an explanation of EU external policy based on market power and normative power,"Rebow, Norbert","['Verdun, A.', 'Hirschmann, G.']",2019,Faculty of Social & Behavioural Sciences,Political Science (MSc),Master thesis,en,,
Het verband tussen mediagebruik en slaapduur bij kinderen met Autisme Spectrum Stoornis en kinderen zonder diagnose,"Bruijn, Anne de","['Vermeulen, M.C.M.', 'Zantinge, G.M.']",2019,Faculty of Social & Behavioural Sciences,Pedagogische wetenschappen (BSc),Bachelor thesis,nl,,
Power and social motivation: Leadership effects on group negotiations,"Gebbing, Pia","['Steinel, W.', 'Harinck, F.']",2019,Faculty of Social & Behavioural Sciences,Psychology (MSc),Master thesis,en,,
Noncompliance in prefilled tax forms: Omission versus commission,"Nyroos, Annina M.","['Dijk, W. van', 'Dijk, E. van']",2019,Faculty of Social & Behavioural Sciences,Psychology (MSc),Master thesis,en,,
Protecting test validity: The detection of compromised items and item preknowledge in high stakes certification programmes,"Bijl, Aranka","['Karch, J.', 'Kelderman, H.']",2019,Faculty of Social & Behavioural Sciences,Psychology (MSc),Master thesis,en,,
The mediating role of executive functions in the relationship between age and movement synchronization stability,"Tryfona, Angeliki","['Schaefer, R.S.', 'Ruitenberg, M.']",2019,Faculty of Social & Behavioural Sciences,Psychology (MSc),Master thesis,en,,
More than meets the ear: The effects of subjective speed perception on heart rate,"Kuijper, Laura","['Schaefer, R.S.', 'Blythe, J.']",2019,Faculty of Social & Behavioural Sciences,Psychologie (BSc),Bachelor thesis,en,,
Intelligentie en emotieherkenningsvaardigheden bij kinderen met een extra X chromosoom,"Lukas, Wendy Michelle","['Urbanus, E.L.', 'Vermeulen, M.C.M.']",2019,Faculty of Social & Behavioural Sciences,Pedagogische wetenschappen (BSc),Bachelor thesis,nl,,
Perceptie van controle bias en neuroticisme: De invloedvan neuroticisme op perceptie van controle en doelgericht gedrag,"Steen, Shadee","['Ly, V.', 'Bruijn, E. de']",2019,Faculty of Social & Behavioural Sciences,Psychologie (BSc),Bachelor thesis,nl,,
From friends to foes: The Egyptian military and the transition,"Esmail, Reem","['Koehler, K.', 'Sampson, M.']",2019,Faculty of Social & Behavioural Sciences,Politicologie (BSc),Bachelor thesis,en,,
Does perceiving debts as normal influence financial stress? Examining if attitudes towards having debts moderates the relationship between debts and financial stress,"Matkovic, Sanja","['Stallen, M.', 'Hilbert, L.']",2019,Faculty of Social & Behavioural Sciences,Psychology (MSc),Master thesis,en,,
The effects of pregnancy on the human hypothalamus,"Koyuncu, Lal","['Hoekzema, E.A.', 'Burke, S.']",2019,Faculty of Social & Behavioural Sciences,Psychology (MSc),Master thesis,en,,
Familieverplichtingen en adaptief functioneren bij jongeren met een migratieachtergrond,"Raadt, Sophie de","['Geel, M. van', 'Vedder, P.']",2019,Faculty of Social & Behavioural Sciences,Pedagogische wetenschappen (BSc),Bachelor thesis,nl,,
The probability of democracy because of income inequality: An analysis to the extent of this relation in Latin America,"Allijn, Kirsten","['Coppenolle, B. van', 'Reuler, E. van']",2019,Faculty of Social & Behavioural Sciences,Politicologie (BSc),Bachelor thesis,en,,
Prosocial Behavior and Self-Control in Adolescence,"Kool, Lisa","['Burke, Sarah', 'Groep, Suzanne van de']",2019,Faculty of Social & Behavioural Sciences,Psychology (research) (MSc),Research master thesis,en,,
Affectieve actiemonitoring: Wat is de relatie tussen obsessief compulsieve symptomen en de 'late' error positivity (Pe) tijdens verschillende niveaus van verantwoordelijkheid,"Laagewaard, Isabelle","['Bruijn, E.R.A. de', 'Ly, V.']",2019,Faculty of Social & Behavioural Sciences,Psychologie (BSc),Bachelor thesis,nl,,
Aggression in children and adolescents with Developmental Language Disorder: Associations with empathy,"Gerretsen, Michelle","['Bedem, N.P. van den', 'Li, B.']",2019,Faculty of Social & Behavioural Sciences,Psychology (MSc),Master thesis,en,,
Prospect theory and German foreign policy: A comparison of German policies towards the Russia-Georgia and the Russia-Ukraine crises,"Kolle, Maarten","['Blarel, Nicolas', 'Jentzsch, Corinna']",2019,Faculty of Social & Behavioural Sciences,Political Science (MSc),Master thesis,en,,
Maternal sensitivity and childhood internalizing behavior: The mediating role of NR3C1 methylation,"Creasey, Nicole L.","['Tollenaar, M.S.', 'Elzinga, B.M.']",2019,Faculty of Social & Behavioural Sciences,Psychology (research) (MSc),Research master thesis,en,,
An analyss of unconstrained social and non-social behaviour on the smartphone,"Grootscholten, Noah","['Ghosh, A.', 'Kret, M.']",2019,Faculty of Social & Behavioural Sciences,Psychology (MSc),Master thesis,en,,
